State,2/8/20,2/9/20,2/10/20,2/11/20,2/12/20,2/13/20,2/14/20,2/15/20,2/16/20,2/17/20,2/18/20,2/19/20,2/20/20,2/21/20,2/22/20,2/23/20,2/24/20,2/25/20,2/26/20,2/27/20,2/28/20,2/29/20,3/1/20,3/2/20,3/3/20,3/4/20,3/5/20,3/6/20,3/7/20,3/8/20,3/9/20,3/10/20,3/11/20,3/12/20,3/13/20,3/14/20,3/15/20,3/16/20,3/17/20,3/18/20,3/19/20,3/20/20,3/21/20,3/22/20,3/23/20,3/24/20,3/25/20,3/26/20,3/27/20,3/28/20,3/29/20,3/30/20,3/31/20,4/1/20,4/2/20,4/3/20,4/4/20,4/5/20,4/6/20,4/7/20,4/8/20,4/9/20,4/10/20,4/11/20,4/12/20,4/13/20,4/14/20,4/15/20,4/16/20,4/17/20,4/18/20,4/19/20,4/20/20,4/21/20,4/22/20,4/23/20,4/24/20,4/25/20,4/26/20,4/27/20,4/28/20,4/29/20,4/30/20,5/1/20,5/2/20,5/3/20,5/4/20,5/5/20,5/6/20,5/7/20,5/8/20,5/9/20,5/10/20,5/11/20,5/12/20,5/13/20,5/14/20,5/15/20,5/16/20,5/17/20,5/18/20,5/19/20,5/20/20,5/21/20,5/22/20,5/23/20,5/24/20,5/25/20,5/26/20,5/27/20,5/28/20,5/29/20,5/30/20,5/31/20,6/1/20,6/2/20,6/3/20,6/4/20,6/5/20,6/6/20,6/7/20,6/8/20,6/9/20,6/10/20,6/11/20,6/12/20,6/13/20,6/14/20,6/15/20,6/16/20,6/17/20,6/18/20,6/19/20,6/20/20,6/21/20,6/22/20,6/23/20,6/24/20,6/25/20,6/26/20,6/27/20
Alabama,-1.834762182,-1.484833824,-1.044615219,-0.576399136,-0.136582235,0.231327008,0.499921743,0.66076227,0.727857809,0.739932223,0.740493806,0.758606462,0.810260398,0.90774992,1.05800762,1.276480496,1.584346967,1.988671708,2.45919629,2.941544412,3.381857745,3.735854273,3.98359497,4.152262105,4.294466964,4.453141757,4.642890758,4.832507698,4.94742418,4.890737989,4.56841012,3.903314527,2.836312098,1.326681586,-0.64101492,-3.048396103,-5.836031506,-8.901293646,-12.11018786,-15.3127489,-18.3632801,-21.13862273,-23.55292971,-25.56610203,-27.1814545,-28.44218505,-29.42008752,-30.19849712,-30.85630484,-31.45880574,-32.05339212,-32.66910577,-33.32136777,-34.01309115,-34.7335212,-35.4558205,-36.14145715,-36.74593661,-37.2258262,-37.54728729,-37.68649478,-37.62968551,-37.37382534,-36.92975347,-36.32406781,-35.59896492,-34.81371274,-34.02839659,-33.28922597,-32.6208581,-32.02690569,-31.49247563,-30.98807672,-30.4795718,-29.92417904,-29.27641568,-28.50176904,-27.58670421,-26.53311816,-25.35486176,-24.08108514,-22.75232175,-21.41764854,-20.13247903,-18.94998587,-17.91223852,-17.04069102,-16.33446981,-15.77458931,-15.33479363,-14.98982135,-14.72267357,-14.52372316,-14.37510588,-14.25443663,-14.13944233,-14.00680373,-13.83510495,-13.61685956,-13.36374696,-13.10136232,-12.8685804,-12.7082267,-12.65044283,-12.69817342,-12.82285386,-12.96832034,-13.05328935,-12.99969101,-12.7705454,-12.37663323,-11.86963149,-11.32370849,-10.81048273,-10.37765752,-10.04592795,-9.816307226,-9.673630309,-9.586601302,-9.518735317,-9.434126806,-9.29244446,-9.066124731,-8.7547158,-8.383224867,-7.989672082,-7.615293333,-7.295551457,-7.043432525,-6.856118572,-6.733430842,-6.684482233,-6.725075069,-6.871848299,-7.130643519,-7.479765302,-7.88485752,-8.321473011,-8.780551119,-9.260066559,
Alaska,-2.165273115,-1.589366198,-1.002733687,-0.489999133,-0.113542098,0.091044979,0.121724579,0.018155105,-0.147289385,-0.274161573,-0.260574029,-0.063954384,0.307543508,0.810393228,1.376968413,1.931767606,2.400267962,2.715695032,2.818418184,2.66025416,2.222009346,1.526750036,0.648276633,-0.296251316,-1.197867981,-1.995836008,-2.683231628,-3.293543853,-3.88560749,-4.529517838,-5.295473483,-6.250826959,-7.463746347,-8.999203596,-10.91101575,-13.23089737,-15.95484363,-19.03324033,-22.37423169,-25.86286695,-29.38112818,-32.8198953,-36.08522496,-39.10207778,-41.81554487,-44.19082403,-46.21476073,-47.89483866,-49.2547405,-50.32900046,-51.15826915,-51.78482948,-52.25015159,-52.59214023,-52.84155207,-53.0206208,-53.14485433,-53.22365187,-53.25981618,-53.24909843,-53.18126641,-53.04173686,-52.81351493,-52.47940039,-52.02448353,-51.43943431,-50.72496953,-49.89026261,-48.9495901,-47.92025783,-46.82155047,-45.67198381,-44.48521181,-43.26850641,-42.02424587,-40.75742998,-39.48235502,-38.22671576,-37.02956244,-35.93573104,-34.9918054,-34.2416863,-33.71877098,-33.43751421,-33.38843843,-33.5340981,-33.8060747,-34.11242914,-34.35140979,-34.42549483,-34.25436169,-33.7856124,-32.99884532,-31.90340277,-30.53792865,-28.9718033,-27.29868741,-25.62632708,-24.06823102,-22.72930018,-21.68616453,-20.9716364,-20.57284073,-20.43597997,-20.47840098,-20.60641915,-20.7260229,-20.74512834,-20.58980284,-20.23277163,-19.68698128,-18.98982357,-18.18633062,-17.31653716,-16.40831731,-15.48075706,-14.55718727,-13.67065492,-12.85358809,-12.13426125,-11.53359781,-11.05267399,-10.67142544,-10.36981931,-10.13989641,-9.986160755,-9.92472533,-9.971262223,-10.11459347,-10.31607337,-10.53198251,-10.72738387,-10.8825567,-11.0007384,-11.10663025,-11.22453795,-11.36532605,-11.53404213,-11.73505133,-11.96936806,
Arizona,-2.744579053,-2.075353441,-1.300366258,-0.501172752,0.242838262,0.866772941,1.330627303,1.626577762,1.77346765,1.814375629,1.7998728,1.758374218,1.722728752,1.745221299,1.884087986,2.166036145,2.541054166,2.920001131,3.21256685,3.355029155,3.329079216,3.152834164,2.871370462,2.551139105,2.24144719,1.948235039,1.634417526,1.232440366,0.664190274,-0.140784811,-1.233461246,-2.641661333,-4.380788111,-6.463465649,-8.903980097,-11.70951529,-14.86038601,-18.28547344,-21.85938093,-25.42442066,-28.82307813,-31.93248526,-34.67712448,-37.0280964,-38.99515479,-40.61757237,-41.95342601,-43.06908295,-44.02954563,-44.89203823,-45.70078559,-46.48158708,-47.24305199,-47.97823994,-48.66848705,-49.29022404,-49.82074808,-50.24193574,-50.54138957,-50.71261852,-50.7532625,-50.66329652,-50.44573341,-50.10826885,-49.66583573,-49.14320495,-48.57797262,-48.01295903,-47.4869446,-47.027869,-46.65135526,-46.36013925,-46.1411021,-45.96801237,-45.80773155,-45.62630918,-45.3972086,-45.10828085,-44.76178279,-44.37057329,-43.95674836,-43.54890646,-43.17616834,-42.86318966,-42.62655688,-42.47059654,-42.38244438,-42.33230822,-42.28081601,-42.18723821,-42.01558704,-41.73691174,-41.32786046,-40.76700245,-40.03847851,-39.14059767,-38.08891135,-36.91727766,-35.67947906,-34.44569595,-33.29218584,-32.28947367,-31.4930713,-30.9355616,-30.62100641,-30.52427979,-30.59337518,-30.74561329,-30.88453867,-30.93894365,-30.87233159,-30.68121088,-30.38606556,-30.01448674,-29.58735504,-29.12057122,-28.63757043,-28.17437243,-27.77614662,-27.49314032,-27.36849774,-27.41620597,-27.61439421,-27.91780011,-28.27225132,-28.62759777,-28.94858101,-29.21803773,-29.42630533,-29.56904781,-29.65547594,-29.70751023,-29.75653284,-29.83779112,-29.97997368,-30.18914952,-30.45066209,-30.74626697,-31.06116572,-31.38135334,
Arkansas,-2.506221357,-1.971551789,-1.349998352,-0.729494212,-0.183947933,0.236191979,0.509755798,0.648151859,0.688309697,0.681971848,0.679171825,0.69967124,0.745374678,0.831444656,0.996555066,1.294699374,1.75631338,2.36014564,3.035497258,3.691987686,4.252816755,4.667763968,4.921958028,5.043162285,5.070355978,5.022310191,4.887389466,4.62248602,4.162760661,3.433145115,2.367042388,0.92186442,-0.920054471,-3.144730096,-5.707336167,-8.533065721,-11.52335305,-14.56578738,-17.54285015,-20.34600732,-22.88471228,-25.09212837,-26.93109898,-28.39538625,-29.50805985,-30.32117853,-30.90469906,-31.33485499,-31.68241827,-32.00259887,-32.33336081,-32.69466052,-33.08859364,-33.5044461,-33.92027807,-34.30421411,-34.62277268,-34.85015107,-34.97369449,-34.99223507,-34.90871887,-34.72176131,-34.42167183,-33.99829361,-33.45211919,-32.80383312,-32.09973181,-31.39632952,-30.74395249,-30.1715997,-29.68353379,-29.26271548,-28.87457808,-28.47876717,-28.02978286,-27.48482324,-26.81901196,-26.02838465,-25.12574591,-24.13632799,-23.09530054,-22.04467385,-21.02644066,-20.07516259,-19.21759274,-18.47212973,-17.84500495,-17.33649201,-16.94829109,-16.68621145,-16.55705972,-16.56135704,-16.6805859,-16.86639636,-17.05107276,-17.16690393,-17.1625895,-17.01311271,-16.73091793,-16.36659039,-15.99419176,-15.6924106,-15.52460658,-15.51808171,-15.64702747,-15.83410592,-15.97560953,-15.96115919,-15.70360929,-15.17648048,-14.41576055,-13.50582377,-12.55421779,-11.6535881,-10.86510284,-10.21998296,-9.730437071,-9.393724481,-9.191398071,-9.0964495,-9.079013666,-9.099058962,-9.113456384,-9.096341168,-9.040715991,-8.952836305,-8.851243764,-8.760527607,-8.696358755,-8.662137423,-8.657839106,-8.68482504,-8.747719988,-8.852789333,-9.003375937,-9.189644522,-9.394421895,-9.611411367,-9.846366279,-10.10564993,
California,-0.89635633,-0.67186635,-0.339925522,0.030542303,0.368948221,0.615006322,0.737947439,0.754696976,0.723991996,0.724193038,0.812605154,0.975192181,1.171595426,1.369649055,1.554920423,1.721677903,1.849458425,1.913424184,1.895180269,1.790064362,1.608906512,1.370199798,1.098000363,0.824096997,0.562935367,0.303681437,0.01188466,-0.369199053,-0.911173871,-1.695924262,-2.811770574,-4.340712609,-6.347501187,-8.870668192,-11.91818891,-15.46282473,-19.4217384,-23.65487678,-27.98157056,-32.20981507,-36.16572403,-39.71168424,-42.75444437,-45.25001139,-47.20028373,-48.64650821,-49.66044869,-50.33314506,-50.76288733,-51.04555498,-51.26669603,-51.49408575,-51.77503631,-52.13559711,-52.5799302,-53.09038693,-53.63082577,-54.15162291,-54.59668807,-54.91457187,-55.06930317,-55.04643677,-54.85525045,-54.52814591,-54.11192544,-53.65660747,-53.21115171,-52.81456135,-52.48876398,-52.23908618,-52.05882767,-51.93123138,-51.82888665,-51.71983978,-51.57715391,-51.38188595,-51.12542098,-50.81004888,-50.44601965,-50.04629856,-49.62657048,-49.20708588,-48.81116874,-48.46220302,-48.17981636,-47.97368347,-47.83648943,-47.74548795,-47.67220463,-47.59044774,-47.48092801,-47.33158407,-47.13306686,-46.87266925,-46.53645384,-46.11697924,-45.61601655,-45.04488995,-44.42614799,-43.79069914,-43.16897776,-42.58663289,-42.06548076,-41.62191774,-41.26393044,-40.98775864,-40.77539924,-40.58817107,-40.37737069,-40.10954117,-39.77103705,-39.36615373,-38.90993596,-38.41293035,-37.87131575,-37.2743249,-36.62206327,-35.93350337,-35.24400094,-34.59829439,-34.03528925,-33.56744613,-33.17914306,-32.84396889,-32.53850553,-32.2479502,-31.96711257,-31.69664621,-31.43214956,-31.16545343,-30.89816715,-30.64577445,-30.43642722,-30.30542064,-30.279635,-30.35562783,-30.50360206,-30.69170713,-30.89818268,-31.1102239,
Colorado,-8.446983506,-6.646393664,-4.493641928,-2.289063319,-0.332620158,1.148512893,2.051392893,2.419377668,2.402479683,2.194559425,1.978759463,1.85922806,1.859217599,1.951299554,2.101296033,2.298837371,2.534295787,2.769473739,2.958642588,3.05160625,3.019702384,2.869387282,2.654668161,2.474549669,2.404636391,2.459239051,2.589724187,2.685110272,2.58548924,2.106347257,1.067277855,-0.678073856,-3.216305724,-6.565383727,-10.6689052,-15.3976819,-20.56156947,-25.91400686,-31.16987172,-36.05272889,-40.34978746,-43.94570986,-46.83985554,-49.11730208,-50.89945062,-52.30623929,-53.43098799,-54.33465447,-55.05173916,-55.60438978,-56.01197717,-56.29073215,-56.45504597,-56.51943885,-56.49928835,-56.41524408,-56.29991303,-56.19555755,-56.1457031,-56.18683394,-56.33938574,-56.59891956,-56.93201133,-57.28070659,-57.57114555,-57.72634799,-57.69092711,-57.43987772,-56.97475442,-56.32204027,-55.53337048,-54.66736565,-53.77073906,-52.87029284,-51.97225247,-51.07044591,-50.15824488,-49.23708456,-48.31599313,-47.40613432,-46.52083813,-45.6752996,-44.88589058,-44.17035743,-43.54748241,-43.03263237,-42.62879049,-42.32056999,-42.08249359,-41.88740981,-41.70863546,-41.51885128,-41.28535503,-40.96311081,-40.50436248,-39.880921,-39.09534442,-38.18417992,-37.21790483,-36.28900434,-35.4891806,-34.88792437,-34.51816152,-34.3665886,-34.37289435,-34.44517596,-34.482538,-34.38282396,-34.06512671,-33.49970161,-32.71096932,-31.77121465,-30.77892658,-29.82601075,-28.96657213,-28.2141305,-27.56397497,-27.01102294,-26.55514725,-26.20063854,-25.94897411,-25.78484631,-25.66943253,-25.55952617,-25.42748662,-25.25982168,-25.05647955,-24.82669321,-24.56712901,-24.25753787,-23.88347053,-23.45281891,-23.00008943,-22.58163566,-22.2584295,-22.06507766,-22.00574465,-22.06466858,-22.21674688,-22.43445468,-22.69242541
Connecticut,-1.946501146,-1.445840128,-0.859974509,-0.265203509,0.265566976,0.674685356,0.934822069,1.062608861,1.118304899,1.199309641,1.392024302,1.698672815,2.046106298,2.344067948,2.518569879,2.529172163,2.39298839,2.181393395,1.972513004,1.814608511,1.722954443,1.680496692,1.6632248,1.683634643,1.761287276,1.8834747,1.990948673,1.979201854,1.711128216,1.035478024,-0.17535133,-1.999222739,-4.460917448,-7.537047139,-11.15520776,-15.19741286,-19.51648842,-23.93875263,-28.28222965,-32.38586947,-36.13333065,-39.4543091,-42.31845664,-44.72443171,-46.68663077,-48.23709789,-49.42984015,-50.33329832,-51.02060739,-51.55712802,-51.99114861,-52.35229108,-52.65979522,-52.92705302,-53.16582698,-53.38772717,-53.60657607,-53.83596707,-54.07963465,-54.32935533,-54.56269537,-54.74378432,-54.83260031,-54.79849116,-54.62783577,-54.32136757,-53.90554072,-53.42943681,-52.94034854,-52.47397044,-52.05433561,-51.69353204,-51.38908277,-51.11978062,-50.85595206,-50.56815526,-50.22745961,-49.81406133,-49.31933346,-48.73515869,-48.06594152,-47.33725696,-46.59373078,-45.89823576,-45.32316908,-44.92741443,-44.7299712,-44.70500813,-44.79294466,-44.91226537,-44.98067547,-44.93037709,-44.71693205,-44.31314466,-43.70870023,-42.92160908,-41.99633461,-40.99363583,-39.98473021,-39.04399217,-38.23363307,-37.59519819,-37.14626055,-36.87332776,-36.73263374,-36.65791325,-36.57280865,-36.38834518,-36.01497409,-35.41180606,-34.59097861,-33.60803562,-32.5471358,-31.4889565,-30.47950279,-29.53086874,-28.64865547,-27.84952787,-27.16169378,-26.61846733,-26.24340694,-26.01429242,-25.86275941,-25.70889774,-25.48396074,-25.14416547,-24.68567919,-24.13492007,-23.52056393,-22.86701345,-22.21146442,-21.61039902,-21.13493749,-20.85578634,-20.81481007,-20.98241163,-21.26787451,-21.58582361,-21.88979983,-22.1737245,
Delaware,-3.593382465,-2.678876422,-1.621043487,-0.511529765,0.565368877,1.537793263,2.346513235,2.945138343,3.316706143,3.511753028,3.596858436,3.600859233,3.532823652,3.392351068,3.177117836,2.896491648,2.597317125,2.344190617,2.173391989,2.070878756,1.99928017,1.91237824,1.788417404,1.673454969,1.619493363,1.643227756,1.715375926,1.76179,1.669062205,1.292322101,0.499793489,-0.806460411,-2.691071462,-5.182315215,-8.266978631,-11.88574069,-15.93260616,-20.25628285,-24.68381758,-29.04262047,-33.18596255,-37.00648832,-40.43494756,-43.42545321,-45.94793778,-47.99607536,-49.58892356,-50.77292062,-51.61583598,-52.18983759,-52.56488298,-52.80737175,-52.97609581,-53.11772741,-53.26712294,-53.44532585,-53.662301,-53.92232553,-54.22389732,-54.55755083,-54.90038144,-55.21544967,-55.45299183,-55.56288302,-55.50796192,-55.26725525,-54.85487649,-54.31562147,-53.70030879,-53.05402066,-52.4144583,-51.80982311,-51.25181861,-50.73514299,-50.24418825,-49.75901677,-49.25881299,-48.73290011,-48.18094058,-47.5998887,-46.99914826,-46.40102052,-45.83017586,-45.3130471,-44.87863994,-44.5412785,-44.28361101,-44.07076797,-43.86194411,-43.62272873,-43.34018409,-43.01655999,-42.65848883,-42.26377423,-41.8259876,-41.35047871,-40.85661969,-40.37177117,-39.92833065,-39.55702219,-39.27509915,-39.08443565,-38.96899626,-38.89448197,-38.81213579,-38.66551796,-38.40196531,-37.96070449,-37.28990933,-36.38391024,-35.27649043,-34.02963557,-32.72272345,-31.42977436,-30.19191336,-29.02313999,-27.93421017,-26.9482099,-26.1021238,-25.43754238,-24.98421326,-24.72510095,-24.60011078,-24.53953518,-24.4850851,-24.4016267,-24.28456448,-24.14439051,-23.97452801,-23.75175008,-23.45744189,-23.09199101,-22.68534052,-22.29401462,-21.98328575,-21.78483711,-21.69193141,-21.68798139,-21.75807036,-21.88674808,
District of Columbia,-2.317714683,-2.253689646,-2.105302581,-1.922998675,-1.751572938,-1.620021307,-1.533754032,-1.472665589,-1.397444386,-1.259811445,-1.019795893,-0.671671736,-0.234302307,0.262348986,0.78509178,1.303004285,1.793652763,2.247310796,2.666255415,3.062835142,3.453786631,3.850463072,4.247808027,4.616571285,4.902934983,5.032799513,4.91691186,4.45472929,3.540909783,2.075031156,-0.024687861,-2.805346515,-6.268028265,-10.35972733,-14.97265063,-19.95541351,-25.12915219,-30.30603925,-35.30823682,-39.98460561,-44.22289791,-47.95390979,-51.14839812,-53.80991619,-55.96602625,-57.66169569,-58.95493921,-59.91191867,-60.60206392,-61.09257371,-61.44303765,-61.701248,-61.90190422,-62.06883449,-62.21814293,-62.36021287,-62.50087563,-62.64129775,-62.77730515,-62.90027443,-63.00022866,-63.06860941,-63.09949802,-63.09022282,-63.04042256,-62.94973433,-62.81874254,-62.65145117,-62.45568628,-62.24291304,-62.02751508,-61.82417418,-61.64446253,-61.49543403,-61.38083197,-61.30334247,-61.26562227,-61.27048587,-61.31930405,-61.40930467,-61.53372341,-61.68361978,-61.84947204,-62.02221646,-62.19400086,-62.3559695,-62.49575844,-62.59976318,-62.65762915,-62.66527947,-62.6260073,-62.54883161,-62.44537696,-62.32498758,-62.19311607,-62.0538468,-61.91039775,-61.76432625,-61.6150234,-61.45783296,-61.28182168,-61.07181819,-60.81353897,-60.49719059,-60.11899329,-59.68071777,-59.1866981,-58.6391104,-58.03966103,-57.39584264,-56.72164383,-56.03642151,-55.36243753,-54.71952076,-54.12008936,-53.570211,-53.07582889,-52.64597323,-52.29268633,-52.02945716,-51.86541953,-51.79665801,-51.80736837,-51.87773287,-51.98910322,-52.12629326,-52.27760529,-52.43133933,-52.57066265,-52.67504048,-52.72743629,-52.71921907,-52.65249991,-52.5382465,-52.39036441,-52.21778184,-52.02171099,-51.79992077,-51.54989136,-51.27062371,
Florida,-3.718877131,-2.839761218,-1.953961357,-1.142831591,-0.467448021,0.048338664,0.419275564,0.685341704,0.88898387,1.065145692,1.222451793,1.331888789,1.373299923,1.360737791,1.336822014,1.348689633,1.414288628,1.519952645,1.629812354,1.701797873,1.702889014,1.617340268,1.450435414,1.248167029,1.067302903,0.944349274,0.884806172,0.858691095,0.800357222,0.610913688,0.170906514,-0.644833744,-1.951802662,-3.835704784,-6.335215029,-9.430422913,-13.04508357,-17.05331451,-21.29484554,-25.59136752,-29.76581,-33.66856945,-37.19468812,-40.28989863,-42.9489753,-45.20678796,-47.11947794,-48.75016205,-50.15734842,-51.39009499,-52.49007037,-53.49337612,-54.43064108,-55.31609246,-56.13913619,-56.86275888,-57.43436495,-57.80618296,-57.95363234,-57.88639108,-57.64040024,-57.26468993,-56.80659955,-56.29528085,-55.73975802,-55.13818106,-54.49401558,-53.81463386,-53.10881615,-52.38902973,-51.67427739,-50.98784878,-50.34995032,-49.76725085,-49.22303287,-48.68451059,-48.11708122,-47.49599323,-46.8087039,-46.05426426,-45.24885707,-44.42120832,-43.60193897,-42.81778134,-42.09087929,-41.43830796,-40.87294068,-40.40473778,-40.03653711,-39.76218155,-39.56741014,-39.43019215,-39.31791262,-39.18559375,-38.98868615,-38.69233305,-38.27676917,-37.74255052,-37.11444694,-36.44212939,-35.79350964,-35.24403117,-34.85674911,-34.65442405,-34.60453303,-34.62742761,-34.62146098,-34.47888099,-34.11990168,-33.53188517,-32.76259708,-31.90661196,-31.07801359,-30.36942228,-29.82302511,-29.43240002,-29.1590029,-28.94847605,-28.75055323,-28.53347917,-28.28444647,-28.00213535,-27.69576645,-27.38294474,-27.08640892,-26.82413586,-26.60049723,-26.40778443,-26.22806781,-26.04010479,-25.83112052,-25.60183643,-25.37137713,-25.17596086,-25.05682716,-25.0379613,-25.12623212,-25.3202309,-25.61128394,-25.9803771,-26.39851738
Georgia,-2.342327752,-1.707285356,-0.895052265,-0.056226811,0.656056726,1.119067761,1.279950294,1.170131047,0.889138612,0.566550201,0.301588755,0.137883378,0.082157179,0.131542015,0.279714955,0.53328119,0.899136409,1.35628599,1.840574635,2.270426281,2.575181103,2.710212249,2.678805645,2.559295915,2.456488496,2.443265937,2.533827325,2.667936441,2.719510811,2.53510636,1.971901184,0.917503697,-0.698146235,-2.898115557,-5.651740269,-8.872835295,-12.42807723,-16.15059174,-19.87256727,-23.44952294,-26.77063346,-29.76079579,-32.37751506,-34.60348188,-36.4396593,-37.91295099,-39.07862018,-40.01247095,-40.79809616,-41.51513001,-42.22723776,-42.97320857,-43.76905453,-44.60704179,-45.45743498,-46.27209211,-46.99264802,-47.56389427,-47.94494591,-48.11736431,-48.08349348,-47.85846988,-47.46149094,-46.91490965,-46.24569338,-45.48814221,-44.69414838,-43.91836809,-43.2010222,-42.56029133,-41.99323199,-41.47541318,-40.96471966,-40.41974075,-39.7993248,-39.06713412,-38.20566841,-37.22475791,-36.14536986,-34.98932833,-33.78809113,-32.58071318,-31.4109689,-30.32633176,-29.37083471,-28.57367729,-27.93654247,-27.43979294,-27.05476844,-26.75298595,-26.51264151,-26.32149706,-26.16883318,-26.02773431,-25.86825464,-25.67311914,-25.43851478,-25.17259317,-24.8969364,-24.64266078,-24.44007367,-24.31883657,-24.30410568,-24.40246891,-24.59213251,-24.81920353,-25.00617635,-25.05494528,-24.87740964,-24.43695993,-23.75387964,-22.90096731,-21.98146082,-21.08945219,-20.28306997,-19.58891685,-19.01793232,-18.57323553,-18.25191773,-18.04694476,-17.94107476,-17.89142345,-17.84572339,-17.76436193,-17.62834271,-17.43657929,-17.20034259,-16.93677667,-16.65298139,-16.35357316,-16.05679747,-15.79706373,-15.61792671,-15.55942559,-15.63880858,-15.82765122,-16.07229531,-16.33154865,-16.58794519,-16.84260212,
Hawaii,-0.913630576,-0.679215891,-0.405827392,-0.139884015,0.075274167,0.206490318,0.240774712,0.197045411,0.125166858,0.099594175,0.176062803,0.328554459,0.497454354,0.626171214,0.675813792,0.633678125,0.502046518,0.295759931,0.043902863,-0.218884641,-0.461741153,-0.663711504,-0.813304101,-0.902401558,-0.926481035,-0.885155062,-0.790691145,-0.678979997,-0.60697511,-0.6477733,-0.886459238,-1.415079546,-2.328899718,-3.716065905,-5.643627098,-8.140742082,-11.18441976,-14.69786182,-18.55890222,-22.62398212,-26.75471854,-30.83388525,-34.76817265,-38.48268967,-41.91231703,-44.99515553,-47.67179951,-49.89679168,-51.65041328,-52.94717523,-53.83502703,-54.38947034,-54.70244144,-54.86486057,-54.95346464,-55.02439491,-55.11186845,-55.2296827,-55.37719831,-55.54303914,-55.70415753,-55.82849309,-55.88141433,-55.83319663,-55.66754447,-55.38776968,-55.02001228,-54.60328911,-54.17843015,-53.77878864,-53.42556409,-53.12596928,-52.87532575,-52.65997797,-52.45634754,-52.23768863,-51.98428694,-51.68911435,-51.35750828,-51.00788037,-50.67181652,-50.38654418,-50.18558856,-50.0894366,-50.09838366,-50.19224906,-50.3355401,-50.48248379,-50.5808949,-50.58016278,-50.44038957,-50.1360878,-49.65531108,-49.00081511,-48.1919486,-47.26314987,-46.25728993,-45.21776338,-44.18533381,-43.19717962,-42.28650046,-41.48072425,-40.79851228,-40.25047439,-39.83926605,-39.55628573,-39.37451265,-39.24645202,-39.11817086,-38.95060337,-38.71893188,-38.40952657,-38.01834707,-37.55121635,-37.02524787,-36.4703848,-35.92809423,-35.4452824,-35.0614024,-34.80189713,-34.67196787,-34.65355637,-34.70881383,-34.78467039,-34.82248621,-34.77202908,-34.60434673,-34.31211614,-33.90721758,-33.42110897,-32.89881512,-32.38887543,-31.93578941,-31.57748259,-31.338675,-31.22400847,-31.22238023,-31.31729868,-31.49120796,-31.72753248,-32.00666591
Idaho,-3.804031024,-2.950573019,-2.08320848,-1.275447128,-0.572512846,0.010520716,0.485903529,0.885448211,1.246296455,1.601498865,1.968705931,2.33458602,2.673409448,2.962584049,3.188401266,3.345396864,3.430440495,3.444531613,3.390298188,3.270434286,3.091533203,2.86794084,2.624762906,2.403073321,2.240679136,2.150075367,2.110404184,2.06931527,1.952142219,1.671270263,1.141216613,0.2951995,-0.909010892,-2.485269738,-4.420354399,-6.677164188,-9.200687348,-11.92677125,-14.78529845,-17.70560969,-20.62810398,-23.5098086,-26.32240195,-29.04714594,-31.66469928,-34.14837349,-36.4646907,-38.57612597,-40.44552867,-42.04291602,-43.34976002,-44.35946259,-45.07766128,-45.52049829,-45.7121142,-45.68270396,-45.46800323,-45.1079553,-44.64325332,-44.11111445,-43.53997343,-42.94578545,-42.33218874,-41.69435447,-41.0242429,-40.31711322,-39.57809717,-38.82081867,-38.06470515,-37.33212784,-36.64560975,-36.02294033,-35.46947092,-34.97139195,-34.49332357,-33.99047251,-33.42287898,-32.76504863,-32.0074836,-31.15335658,-30.21670283,-29.22225612,-28.20333924,-27.19966213,-26.25460598,-25.40698755,-24.68116447,-24.08358334,-23.60559387,-23.23025307,-22.9388923,-22.71061738,-22.51945874,-22.32797308,-22.08874681,-21.75693143,-21.30206288,-20.71462456,-20.01070599,-19.2256798,-18.3969024,-17.55349167,-16.71770333,-15.90868508,-15.14444499,-14.43715316,-13.78838577,-13.17889307,-12.57442044,-11.95627798,-11.32800842,-10.71324233,-10.15203457,-9.691045916,-9.361174406,-9.166398122,-9.091991895,-9.111224265,-9.188752604,-9.293903412,-9.406959398,-9.508354935,-9.572224461,-9.572814388,-9.490086755,-9.308781146,-9.017235554,-8.609634508,-8.080629338,-7.427183126,-6.667376143,-5.850412084,-5.049729197,-4.348543689,-3.821396559,-3.505898662,-3.395105194,-3.459208219,-3.664291759,-3.979508797,
Illinois,-0.853674649,-0.523760593,-0.145728438,0.23836757,0.600772666,0.918174353,1.178093812,1.396366946,1.612111699,1.885056424,2.250155745,2.644260982,2.965385976,3.126272645,3.078850284,2.849003928,2.546724557,2.319733316,2.269412563,2.400971953,2.63195586,2.844082766,2.954306108,2.983221869,3.001117282,3.04684332,3.100329546,3.084932093,2.87845372,2.339927172,1.35196893,-0.175644842,-2.332034341,-5.190504218,-8.786395985,-13.09032796,-17.98359447,-23.25942853,-28.65421296,-33.89991608,-38.77010739,-43.10384561,-46.8023216,-49.81410063,-52.12708884,-53.77729012,-54.84436376,-55.43668435,-55.67231839,-55.66450748,-55.50756044,-55.26815399,-54.99274512,-54.71542494,-54.46209424,-54.25167774,-54.09931558,-54.01614966,-54.00310125,-54.04834058,-54.13153481,-54.22421351,-54.29082029,-54.29319828,-54.19336164,-53.95632599,-53.56724356,-53.03746553,-52.4039859,-51.723953,-51.06530461,-50.49090647,-50.03186758,-49.68074948,-49.39977729,-49.1348438,-48.83321469,-48.45541341,-47.97579022,-47.37949192,-46.66743357,-45.86931567,-45.0449065,-44.27324511,-43.63211881,-43.17592422,-42.91487193,-42.81909645,-42.84654113,-42.96302901,-43.14517491,-43.37886046,-43.64447977,-43.89250048,-44.05833035,-44.08769176,-43.94303655,-43.60766292,-43.09488556,-42.43999038,-41.68954188,-40.90470348,-40.15174289,-39.48846008,-38.94820058,-38.52715755,-38.18334975,-37.82917869,-37.36063302,-36.71890081,-35.90044448,-34.94863808,-33.93399298,-32.9124586,-31.89550824,-30.86965924,-29.83960236,-28.84231968,-27.94045155,-27.20518394,-26.67993711,-26.33916493,-26.10250079,-25.88532515,-25.63578442,-25.34092722,-25.02014951,-24.70828157,-24.41579441,-24.12443731,-23.81928824,-23.50298104,-23.20168891,-22.96060912,-22.81992096,-22.76780249,-22.74090036,-22.68138672,-22.55603888,-22.35513742,-22.09509051
Indiana,-2.721527362,-2.093568281,-1.258554313,-0.299170075,0.711723694,1.709367764,2.637942194,3.456963355,4.141292522,4.68789758,5.095050203,5.334468013,5.372622742,5.199921361,4.844576456,4.385217627,3.946205098,3.65398127,3.58017831,3.721255404,4.001028235,4.306707282,4.550975644,4.72684855,4.860924161,4.957282071,4.982359629,4.865764664,4.507956882,3.79876328,2.654400937,1.027931108,-1.105516428,-3.7519411,-6.894589563,-10.48742654,-14.44898557,-18.66591659,-23.00220264,-27.31526759,-31.47909064,-35.39848661,-39.00876187,-42.26656912,-45.14111799,-47.61245082,-49.66416867,-51.28427021,-52.47161377,-53.23884826,-53.61495538,-53.64464001,-53.38686131,-52.90985147,-52.28682369,-51.59323752,-50.90544905,-50.29371302,-49.8061163,-49.46194183,-49.2517957,-49.14012944,-49.07168829,-48.98387294,-48.81951075,-48.5354732,-48.11450676,-47.56199979,-46.89934515,-46.15922554,-45.38269855,-44.61396563,-43.8859861,-43.21226761,-42.58236626,-41.96777081,-41.33502562,-40.65907225,-39.92449145,-39.12520481,-38.26788316,-37.37186231,-36.46804599,-35.59657619,-34.80006357,-34.11296974,-33.5510642,-33.11001954,-32.7685954,-32.49765325,-32.26610965,-32.04645864,-31.81529062,-31.5431729,-31.20186625,-30.77237912,-30.24458763,-29.61792541,-28.90819195,-28.14636819,-27.37030923,-26.62399694,-25.94922527,-25.37379711,-24.90165183,-24.5064281,-24.13711643,-23.72032419,-23.18404958,-22.49731434,-21.67097271,-20.7519066,-19.81013578,-18.91054238,-18.09146367,-17.36729748,-16.74361504,-16.22324166,-15.80875953,-15.50331932,-15.30198167,-15.17378348,-15.06705335,-14.93149151,-14.73692935,-14.47604413,-14.15950872,-13.80967439,-13.44119732,-13.05519449,-12.65151876,-12.23526701,-11.81981558,-11.42788761,-11.08421794,-10.79551883,-10.55270654,-10.34285743,-10.15428893,-9.979438122,-9.821210449
Iowa,0.012764222,0.011725113,0.098826468,0.253826051,0.454894113,0.676585389,0.896084119,1.102134278,1.296555949,1.495892894,1.713166996,1.932651818,2.121326751,2.249687445,2.306991501,2.320586039,2.345819139,2.444535035,2.645443885,2.929830308,3.253775462,3.563395787,3.82921508,4.071532683,4.328541001,4.612511679,4.892375902,5.097447509,5.128596653,4.883722755,4.27649817,3.239193335,1.710016345,-0.357311152,-2.978287542,-6.124397619,-9.707876343,-13.58660991,-17.57819467,-21.48785103,-25.14001582,-28.40059136,-31.18779009,-33.46932569,-35.25370734,-36.58199242,-37.51657903,-38.1313052,-38.50278545,-38.70448983,-38.8019085,-38.84984108,-38.8915291,-38.95793842,-39.06905929,-39.23429179,-39.45623391,-39.73373711,-40.059444,-40.41815881,-40.78535063,-41.12282476,-41.37930867,-41.49886432,-41.42891689,-41.13284643,-40.60546678,-39.86921559,-38.96675897,-37.95255339,-36.88618551,-35.82286158,-34.80208766,-33.84270743,-32.94416887,-32.09352818,-31.27390716,-30.47208561,-29.67951437,-28.89275168,-28.11861963,-27.37800999,-26.70415208,-26.13404033,-25.69678263,-25.40474207,-25.24682583,-25.18850539,-25.19066864,-25.2234964,-25.26608776,-25.30551199,-25.32470774,-25.29147596,-25.16698421,-24.92174135,-24.54400717,-24.04360338,-23.45363986,-22.82281914,-22.20679763,-21.65969685,-21.22261808,-20.91206481,-20.70938582,-20.55824934,-20.37675827,-20.0696489,-19.5538832,-18.79723006,-17.82487699,-16.70747343,-15.53599288,-14.38317361,-13.29386589,-12.29358804,-11.40573004,-10.65566715,-10.06261955,-9.633888398,-9.35283143,-9.169876243,-9.016101039,-8.833492412,-8.598067515,-8.318762915,-8.030009227,-7.775710722,-7.581124253,-7.442836923,-7.345974952,-7.279832029,-7.24468748,-7.250530575,-7.306406058,-7.401526292,-7.508153992,-7.610603903,-7.710372675,-7.820266408,
Kansas,-1.049483365,-0.776971468,-0.422637615,-0.01839013,0.41664682,0.864623011,1.302897641,1.703504552,2.033604504,2.273022073,2.426072321,2.501060182,2.514478365,2.500216412,2.501684441,2.583668944,2.810655138,3.218733318,3.78353984,4.421438965,5.029530285,5.517467368,5.850478913,6.055868807,6.180426055,6.24437298,6.228427507,6.077182634,5.708474498,5.03662871,3.991272945,2.52633252,0.610978027,-1.760978118,-4.557266073,-7.706655537,-11.10353047,-14.62242778,-18.13266991,-21.51711507,-24.68494663,-27.5751845,-30.15668686,-32.42136304,-34.37806618,-36.0488912,-37.46537954,-38.66600253,-39.69029492,-40.57441631,-41.34674932,-42.0231715,-42.60645946,-43.09254499,-43.47452954,-43.74687149,-43.91280041,-43.9874433,-43.99512036,-43.96339321,-43.91547651,-43.8596682,-43.78404544,-43.66166387,-43.4568959,-43.13688093,-42.68886929,-42.12064842,-41.45436542,-40.71928405,-39.94742923,-39.16468045,-38.38186368,-37.59403382,-36.78745382,-35.94642372,-35.06266819,-34.14050797,-33.19524699,-32.24631221,-31.31497593,-30.42758329,-29.61450246,-28.90558864,-28.32664931,-27.89398649,-27.60619509,-27.44401667,-27.3846339,-27.40172576,-27.46424106,-27.53603308,-27.5645791,-27.47779916,-27.19884763,-26.67580706,-25.89864049,-24.90395689,-23.77012745,-22.60155391,-21.50786766,-20.58203368,-19.88732783,-19.44140605,-19.20577709,-19.09535668,-18.99472504,-18.77396015,-18.32394026,-17.60982965,-16.67194742,-15.60621879,-14.5287776,-13.51971959,-12.61748684,-11.83170231,-11.16627135,-10.62827137,-10.22426171,-9.959590398,-9.828138476,-9.801383121,-9.832010797,-9.880006224,-9.927283375,-9.973192993,-10.03054943,-10.11162687,-10.20987244,-10.2962738,-10.3409098,-10.32564884,-10.24552025,-10.10588727,-9.907126424,-9.624414618,-9.213749707,-8.642736981,-7.90480016,-7.030222318,-6.089172036
Kentucky,-5.09899281,-4.049933782,-2.764813625,-1.397924356,-0.0998478,1.013464269,1.873429576,2.459442049,2.795850737,2.950926726,2.993387783,2.953677623,2.833034038,2.635680048,2.385781476,2.142741595,1.994393109,2.009463292,2.194812012,2.515670149,2.911758486,3.298480324,3.606588496,3.840161261,4.03303325,4.189506713,4.275248791,4.21688886,3.907119857,3.224674058,2.079387932,0.428074156,-1.735563931,-4.38386361,-7.459477225,-10.88464665,-14.55779187,-18.35492692,-22.14083753,-25.78062144,-29.15441108,-32.17118197,-34.77520976,-36.94498996,-38.69059702,-40.05111972,-41.08360382,-41.85287878,-42.41602825,-42.81426146,-43.07318534,-43.20415516,-43.21800478,-43.13873575,-43.00895384,-42.88264311,-42.80944606,-42.82416606,-42.93978398,-43.14594213,-43.40979855,-43.67902044,-43.89002752,-43.98239677,-43.91195141,-43.65907086,-43.23981047,-42.69769689,-42.08940623,-41.47344869,-40.90382754,-40.42226148,-40.04489804,-39.75761095,-39.51302946,-39.24237422,-38.87804141,-38.3755456,-37.71601952,-36.90682993,-35.98613584,-35.01378751,-34.05979758,-33.19332129,-32.4695675,-31.91729181,-31.53199964,-31.28251489,-31.12187204,-31.00632909,-30.90526762,-30.80342776,-30.69731402,-30.57305784,-30.40733437,-30.17732762,-29.86143684,-29.44388513,-28.92035824,-28.30299321,-27.61647974,-26.89583724,-26.18642663,-25.53023297,-24.94845972,-24.43488931,-23.95704141,-23.45343894,-22.85760752,-22.1378622,-21.30267567,-20.39747709,-19.49237251,-18.65543078,-17.92189028,-17.29347609,-16.76058601,-16.31584405,-15.95750289,-15.69253396,-15.52628672,-15.43932628,-15.39215232,-15.3468326,-15.28039009,-15.18509784,-15.06734341,-14.93965972,-14.7980422,-14.62270804,-14.39748508,-14.1197078,-13.80462989,-13.48580693,-13.201777,-12.96997943,-12.79100988,-12.65967492,-12.56568626,-12.49866907,-12.45588826
Louisiana,-3.274640773,-2.592347098,-1.777442907,-0.91103666,-0.060651973,0.728054286,1.426523461,2.01504995,2.490698108,2.887272392,3.246265766,3.579668987,3.863288798,4.049836074,4.082111737,3.942399792,3.688567144,3.432059868,3.253814757,3.167317087,3.154899212,3.180881377,3.210034018,3.248247038,3.326375379,3.469311445,3.671442499,3.878855323,3.997490182,3.906437762,3.48100026,2.615910719,1.226697065,-0.744101498,-3.312784881,-6.448613482,-10.07207682,-14.05499146,-18.22296303,-22.37518131,-26.32242562,-29.91034404,-33.0325388,-35.63883704,-37.73120792,-39.35064804,-40.56187337,-41.44013679,-42.05942852,-42.48724906,-42.78456843,-43.00305183,-43.183138,-43.35217542,-43.52219001,-43.69024642,-43.84522188,-43.97428656,-44.06623864,-44.1089601,-44.08456424,-43.96874188,-43.73291163,-43.35626933,-42.83989349,-42.20965613,-41.51655361,-40.816852,-40.15182608,-39.5395607,-38.9790662,-38.45880836,-37.96395587,-37.48026592,-36.98611509,-36.45423228,-35.86189213,-35.19639294,-34.45055903,-33.62300151,-32.72400929,-31.77601659,-30.81462394,-29.88499878,-29.03527954,-28.31315454,-27.75574734,-27.37825944,-27.17008156,-27.09968185,-27.121599,-27.18590491,-27.24560629,-27.24816098,-27.13871807,-26.86982035,-26.40548717,-25.73121357,-24.87486319,-23.91326072,-22.96190188,-22.14941638,-21.57489403,-21.27507327,-21.21314313,-21.2905673,-21.38422413,-21.37277908,-21.16550701,-20.73732674,-20.12588403,-19.4152219,-18.71606362,-18.13747038,-17.76083907,-17.62733735,-17.73196291,-18.01703611,-18.37355634,-18.66880133,-18.78061246,-18.62227289,-18.17814159,-17.50348782,-16.69436464,-15.85990591,-15.09714614,-14.47905755,-14.04729275,-13.81726592,-13.78706241,-13.93825556,-14.23563923,-14.63158712,-15.07191223,-15.49885488,-15.87240823,-16.18379029,-16.44493258,-16.6735957,-16.88535096
Maine,-10.2933184,-8.612242646,-6.528147991,-4.329256292,-2.297038083,-0.633227826,0.555927491,1.253543749,1.518867135,1.485671036,1.340015482,1.231050483,1.216850523,1.292177473,1.406194327,1.474454716,1.435120192,1.308944253,1.165521351,1.091120213,1.152936072,1.331483382,1.570375504,1.843562218,2.148154519,2.472026104,2.780593035,3.004880914,3.043136837,2.768314274,2.055937007,0.822257061,-0.979919393,-3.366909374,-6.31409836,-9.750073591,-13.56481807,-17.60838197,-21.69840367,-25.65278644,-29.32115542,-32.59979734,-35.43833042,-37.83696646,-39.83326055,-41.48632778,-42.86638367,-44.04658773,-45.09279103,-46.05635584,-46.97092499,-47.84793857,-48.67982879,-49.44661978,-50.11971755,-50.66904388,-51.0749042,-51.33179689,-51.4448473,-51.42335173,-51.27397997,-50.99614268,-50.58331076,-50.03258155,-49.3515431,-48.55891916,-47.68959821,-46.78655891,-45.88955769,-45.03295759,-44.24702395,-43.5574351,-42.97983933,-42.50858586,-42.11503246,-41.75782042,-41.39184725,-40.97632326,-40.48023485,-39.88213467,-39.17417548,-38.36971904,-37.50340076,-36.62684342,-35.80440061,-35.10181771,-34.56229672,-34.1913674,-33.95816576,-33.80084667,-33.64322697,-33.41074319,-33.04471856,-32.50935528,-31.78643015,-30.87989776,-29.81928912,-28.65419183,-27.45199916,-26.29883081,-25.28633302,-24.4919892,-23.97001152,-23.7362979,-23.75660822,-23.95317916,-24.23058588,-24.47879826,-24.58106813,-24.45377078,-24.05693192,-23.39986069,-22.53667754,-21.54692539,-20.51137493,-19.49425867,-18.54797331,-17.71813954,-17.0418323,-16.53911058,-16.2072525,-16.00616276,-15.85519424,-15.66516304,-15.36665151,-14.92158647,-14.32966267,-13.62666943,-12.86244992,-12.07952222,-11.32206188,-10.6446728,-10.10648525,-9.758509497,-9.635345679,-9.724784973,-9.964581793,-10.2936603,-10.67619362,-11.09906166,
Maryland,-2.854003091,-2.258742147,-1.612952875,-1.000287173,-0.487982461,-0.112919049,0.124062237,0.259967664,0.357975024,0.492198359,0.70287263,0.944158922,1.146968066,1.259153514,1.250538072,1.117112755,0.885493539,0.604583765,0.319339582,0.061762579,-0.147146742,-0.301053362,-0.396377408,-0.4133507,-0.341010456,-0.200145174,-0.047426629,0.027688211,-0.09396653,-0.554008398,-1.49388296,-3.03293957,-5.253038461,-8.181277893,-11.77502085,-15.91689957,-20.42799774,-25.09118789,-29.68810388,-34.0328258,-37.99514364,-41.50342409,-44.53074449,-47.07900653,-49.1654165,-50.82246092,-52.10276957,-53.07895768,-53.83736185,-54.46097947,-55.01358364,-55.53137618,-56.0218825,-56.47332837,-56.87492944,-57.22393067,-57.52533999,-57.78805837,-58.01667343,-58.2085653,-58.35681322,-58.45290034,-58.48762992,-58.45464197,-58.34990896,-58.16656238,-57.90620719,-57.58507362,-57.22598451,-56.85340685,-56.49178998,-56.15935551,-55.85921751,-55.58179199,-55.31613058,-55.05323048,-54.78689023,-54.51803369,-54.25132815,-53.98478102,-53.71692729,-53.45314024,-53.20381621,-52.98297176,-52.81024923,-52.69401275,-52.61411929,-52.53091894,-52.40074529,-52.19144338,-51.89427924,-51.51820461,-51.07962457,-50.58996034,-50.05516971,-49.48872164,-48.91353659,-48.35721592,-47.84863431,-47.40969557,-47.04469296,-46.74162963,-46.47993193,-46.23431264,-45.97749258,-45.68317154,-45.32646786,-44.87050321,-44.27810607,-43.5411242,-42.6815078,-41.7478478,-40.80561917,-39.91277651,-39.09749414,-38.36034065,-37.69426964,-37.09697471,-36.57717599,-36.15546175,-35.85130512,-35.65520087,-35.53029789,-35.43672091,-35.3449363,-35.24117043,-35.12822832,-35.01230299,-34.88136145,-34.70734876,-34.46685054,-34.15486022,-33.79438147,-33.43185198,-33.11923837,-32.88257412,-32.71544054,-32.60221763,-32.52595394,-32.47309511,
Massachusetts,-3.324440099,-2.589347438,-1.813254845,-1.138632564,-0.688821275,-0.542945491,-0.718292374,-1.152725373,-1.709490269,-2.197474886,-2.438661575,-2.372729875,-2.034278737,-1.500726086,-0.86919209,-0.240332466,0.31341631,0.76501011,1.11320136,1.367389816,1.54226353,1.646929723,1.694104042,1.723698673,1.772228117,1.837330144,1.862908797,1.736204466,1.304963429,0.396920756,-1.150707002,-3.45686676,-6.576445732,-10.49358273,-15.11621814,-20.27980999,-25.76516321,-31.30998635,-36.64316168,-41.54067657,-45.86390124,-49.56055285,-52.64673921,-55.17488544,-57.20319735,-58.78750496,-59.98651939,-60.87002326,-61.5165117,-62.00156039,-62.38499648,-62.70267875,-62.97187142,-63.20028634,-63.39280564,-63.5568607,-63.7061486,-63.85740393,-64.01847271,-64.18467219,-64.34292569,-64.47671176,-64.57213044,-64.62221096,-64.62363218,-64.57024859,-64.46075995,-64.3032934,-64.10853643,-63.88814777,-63.65437671,-63.4169477,-63.17702789,-62.92177834,-62.63630894,-62.31162404,-61.94331969,-61.53132074,-61.07823083,-60.5802543,-60.03644436,-59.46304243,-58.89436723,-58.37875311,-57.97197383,-57.71942135,-57.63106116,-57.67698729,-57.80364275,-57.9473041,-58.04771164,-58.05635632,-57.93800128,-57.66418799,-57.21425091,-56.58965324,-55.81679947,-54.94008257,-54.01630184,-53.10635934,-52.25957928,-51.50758723,-50.86922342,-50.34871958,-49.93636886,-49.61056895,-49.33842927,-49.06553706,-48.72431491,-48.27144413,-47.69734361,-47.02561317,-46.30740423,-45.60176807,-44.9429551,-44.33406829,-43.76988768,-43.25065335,-42.78498549,-42.38709705,-42.06411979,-41.79325565,-41.52354044,-41.2034083,-40.80035562,-40.30607213,-39.73674722,-39.11885756,-38.46310914,-37.76226635,-37.01460396,-36.23778788,-35.47380872,-34.78787537,-34.25306802,-33.91786184,-33.7968522,-33.87840478,-34.13099225,-34.50826805,-34.95531813
Michigan,-2.690417579,-2.087189618,-1.274124656,-0.353956509,0.57098685,1.410175808,2.099311796,2.621777742,3.007588425,3.321297035,3.623110481,3.900133186,4.06942498,4.032229716,3.720627031,3.144861307,2.434792119,1.808785081,1.468620851,1.516691763,1.892199161,2.417341015,2.917702509,3.336438125,3.690467609,3.989455034,4.199340818,4.233736045,3.959162474,3.214618604,1.863908418,-0.177607896,-2.951859125,-6.452852833,-10.62159,-15.34726038,-20.47875353,-25.83028681,-31.20265837,-36.42335317,-41.37132962,-45.97429127,-50.18916017,-53.98152722,-57.30979556,-60.12272852,-62.37259895,-64.04457929,-65.16379233,-65.79510465,-66.03939181,-66.01553786,-65.83705861,-65.60211318,-65.38815965,-65.24828654,-65.21153314,-65.28639108,-65.46224702,-65.71046067,-65.99310929,-66.27034873,-66.5018683,-66.65387806,-66.70271711,-66.63237946,-66.44264577,-66.14855401,-65.77242735,-65.33613734,-64.85816938,-64.35107958,-63.81065868,-63.21511231,-62.53440289,-61.74305285,-60.8300238,-59.80433534,-58.69087862,-57.51911595,-56.32044952,-55.13228531,-53.9992843,-52.97510582,-52.11768288,-51.47492904,-51.06515871,-50.86755546,-50.83423172,-50.90439119,-51.01424684,-51.1077343,-51.13958337,-51.06220251,-50.82777989,-50.40298767,-49.7680806,-48.91629535,-47.86710522,-46.66688182,-45.37990944,-44.08790502,-42.88052945,-41.83220583,-40.98218739,-40.32690157,-39.82394158,-39.38324192,-38.88936085,-38.2560353,-37.43851307,-36.43728471,-35.2976687,-34.09198589,-32.88400078,-31.71828537,-30.63240266,-29.65892761,-28.8226531,-28.14130053,-27.61682519,-27.21108524,-26.85079384,-26.45955253,-25.98684181,-25.41832601,-24.76997498,-24.08023754,-23.37998082,-22.67799499,-21.97803168,-21.28754676,-20.62107242,-20.00655194,-19.48374172,-19.07924363,-18.80287496,-18.65878865,-18.64314765,-18.72911761,-18.87783514
Minnesota,0.948764352,0.760482479,0.752249127,0.908360037,1.182047808,1.499663855,1.79436611,2.051944782,2.308369998,2.630306484,3.063523131,3.583832398,4.132920458,4.645889105,5.062198901,5.34843896,5.488007321,5.48341258,5.345989014,5.092245479,4.74130626,4.307622259,3.827650143,3.38886652,3.074851959,2.914669422,2.871314429,2.844945237,2.682353488,2.208204126,1.263103536,-0.276175378,-2.505422768,-5.483111182,-9.216145445,-13.64596787,-18.63034515,-23.94166017,-29.29484412,-34.39884704,-39.0097786,-42.97436137,-46.2426269,-48.8515455,-50.90014065,-52.52165871,-53.85235372,-55.00626452,-56.05768855,-57.03389319,-57.92544952,-58.70985749,-59.36578024,-59.87986388,-60.25215958,-60.49655078,-60.64250831,-60.73247337,-60.80659096,-60.89187272,-60.99684051,-61.10140134,-61.15579021,-61.09181689,-60.83265803,-60.31125585,-59.50452329,-58.43108818,-57.1424227,-55.71555305,-54.2438894,-52.81951267,-51.50858471,-50.34008688,-49.30852302,-48.38781941,-47.54546934,-46.75455857,-45.99141119,-45.23245804,-44.466118,-43.70575573,-42.99518125,-42.39315795,-41.95532081,-41.71716403,-41.6675605,-41.74626614,-41.87657193,-41.99248952,-42.05626206,-42.06045119,-42.00106875,-41.85543324,-41.5875644,-41.16494839,-40.56716867,-39.79585658,-38.88474262,-37.89980395,-36.93229771,-36.08313367,-35.43579043,-35.03388448,-34.87034577,-34.88844302,-34.99751776,-35.07809157,-35.00412713,-34.68967977,-34.09850489,-33.23907271,-32.16002301,-30.93755868,-29.64577003,-28.34622444,-27.10482345,-25.995161,-25.07889547,-24.39481366,-23.94771217,-23.69330474,-23.55270602,-23.45190983,-23.3482137,-23.22558643,-23.08737566,-22.94611973,-22.79295852,-22.59360973,-22.31982758,-21.96482449,-21.55416375,-21.14760787,-20.81151439,-20.57627888,-20.42922638,-20.33949728,-20.27681311,-20.22419795,-20.17945101
Mississippi,-1.836658353,-1.503871507,-1.070687784,-0.598041086,-0.143345325,0.247171141,0.542619666,0.729794183,0.819355396,0.854212584,0.889316338,0.964550833,1.105198699,1.328013838,1.641094337,2.054058308,2.571949827,3.177911468,3.819355513,4.427499905,4.946507344,5.339171098,5.590152187,5.721307904,5.77515852,5.785773662,5.761865867,5.675435512,5.469577263,5.073061221,4.422901577,3.475322515,2.198304805,0.570664463,-1.414216302,-3.746106924,-6.394038338,-9.294933739,-12.35137892,-15.44174078,-18.43578295,-21.21106262,-23.66982468,-25.7535286,-27.44838142,-28.78439111,-29.82344918,-30.64387849,-31.32624921,-31.94402519,-32.55887895,-33.21626198,-33.94211578,-34.73880124,-35.58360555,-36.4311999,-37.22335789,-37.90286835,-38.42576023,-38.76487414,-38.90648592,-38.84594021,-38.58422523,-38.13163934,-37.51343869,-36.77166938,-35.96534266,-35.15292064,-34.37587449,-33.65066184,-32.97126171,-32.3170274,-31.66072124,-30.97823496,-30.24419076,-29.43230084,-28.52490672,-27.51942515,-26.4260706,-25.26590578,-24.06941929,-22.87064838,-21.70288324,-20.59570375,-19.57282112,-18.65286245,-17.84702316,-17.15739756,-16.57727433,-16.09596449,-15.70196079,-15.38610775,-15.14132439,-14.95305423,-14.80122065,-14.66374471,-14.51660704,-14.33842785,-14.12277218,-13.88444371,-13.65540038,-13.47620937,-13.38025486,-13.37811918,-13.44757391,-13.53553274,-13.57470102,-13.49621034,-13.24875547,-12.82141001,-12.24375378,-11.57755273,-10.90187292,-10.29072048,-9.79821658,-9.453335663,-9.258832717,-9.190434625,-9.198195828,-9.220014561,-9.197883275,-9.083912798,-8.85578703,-8.521749396,-8.109752865,-7.656980679,-7.204779401,-6.793543434,-6.453067688,-6.201908586,-6.052483471,-6.012267581,-6.081695527,-6.254305431,-6.516737373,-6.843932479,-7.209587965,-7.599500373,-8.009917911,-8.441091533,
Missouri,-4.509487342,-3.407639643,-2.131263027,-0.831365956,0.397968326,1.506084287,2.473926349,3.308698439,4.027124481,4.651065933,5.189626763,5.596727801,5.810170593,5.807823331,5.627933949,5.388974046,5.232971881,5.26231632,5.477259131,5.786323989,6.068831549,6.222333381,6.227329477,6.150669516,6.071356081,6.017785749,5.958838105,5.821837328,5.510275896,4.93432875,4.020289349,2.707907803,0.929992576,-1.373419673,-4.228889291,-7.618770782,-11.46409303,-15.63582682,-19.97166293,-24.298413,-28.44931766,-32.27539985,-35.65792091,-38.50947692,-40.7804465,-42.46815493,-43.61892456,-44.32469998,-44.70280449,-44.87206315,-44.93624932,-44.97483998,-45.0401935,-45.16001375,-45.33931182,-45.56347785,-45.80709028,-46.04094811,-46.23821205,-46.37854699,-46.44960189,-46.44123886,-46.33975468,-46.12993137,-45.79808468,-45.34076491,-44.77654221,-44.14230546,-43.48356374,-42.8422449,-42.25025369,-41.7223926,-41.25096301,-40.81047475,-40.36722444,-39.88445562,-39.33034616,-38.68568211,-37.943496,-37.10933219,-36.20111395,-35.25064382,-34.29863878,-33.38447511,-32.54077901,-31.78929581,-31.1393508,-30.59330951,-30.15782488,-29.84209478,-29.6503585,-29.5739591,-29.57774582,-29.59647114,-29.55191265,-29.37886458,-29.03953547,-28.5284635,-27.87609005,-27.14090392,-26.39739791,-25.72328723,-25.18725917,-24.83041552,-24.64632345,-24.57785416,-24.52931045,-24.38381734,-24.03950259,-23.4562134,-22.66011444,-21.72957244,-20.76804353,-19.85728982,-19.04437707,-18.34864012,-17.77830477,-17.3354747,-17.01259176,-16.79524271,-16.65763861,-16.55995314,-16.45746357,-16.32194744,-16.14972774,-15.95082547,-15.7423199,-15.53669521,-15.33003423,-15.10411906,-14.84739697,-14.56438941,-14.27203963,-13.99562675,-13.75629612,-13.56102756,-13.40753514,-13.29987146,-13.24470695,-13.24026681,-13.28256144
Montana,-3.697810464,-2.930076388,-2.005506937,-1.024022074,-0.078509253,0.756567404,1.435124028,1.945562728,2.305452499,2.552300875,2.728777978,2.85803429,2.946136126,2.994427543,3.008441329,2.999374374,2.980175118,2.964466315,2.959861377,2.968543028,2.990734572,3.024676583,3.067117828,3.119390192,3.17826372,3.222764899,3.209972467,3.077735097,2.753211463,2.162820363,1.244403276,-0.041563538,-1.706184664,-3.731024312,-6.071359398,-8.660658088,-11.42038592,-14.27088335,-17.13529974,-19.94349884,-22.64044961,-25.19194263,-27.58353351,-29.81642439,-31.90211284,-33.85612897,-35.69110029,-37.41180312,-39.01275691,-40.47759156,-41.78276418,-42.90460765,-43.82447703,-44.5322729,-45.02937457,-45.32946257,-45.45726057,-45.44544261,-45.32976837,-45.14255978,-44.90605547,-44.62840741,-44.3039597,-43.91669949,-43.44695752,-42.88051401,-42.2141544,-41.45304945,-40.60778903,-39.6916242,-38.71723987,-37.69357408,-36.62355675,-35.50306977,-34.32213198,-33.07018205,-31.74313123,-30.34808143,-28.90359882,-27.43910306,-25.9930522,-24.60971048,-23.33320198,-22.20175308,-21.24474057,-20.4785669,-19.9019367,-19.49530748,-19.22345344,-19.04220651,-18.90629926,-18.77165822,-18.59572691,-18.336641,-17.95792302,-17.43889307,-16.78117279,-16.00829154,-15.16291719,-14.2998638,-13.47136202,-12.71443766,-12.04671845,-11.4663186,-10.95660312,-10.48974209,-10.03170739,-9.5423623,-8.979163385,-8.317220902,-7.554575976,-6.709949369,-5.821887424,-4.948110407,-4.144243139,-3.44740721,-2.876885287,-2.436627574,-2.117287224,-1.901883312,-1.77176616,-1.705456619,-1.675538895,-1.654164402,-1.617014909,-1.54110115,-1.40369307,-1.184695676,-0.865056803,-0.427066154,0,0,0,0,0,0,0,0,0,0,
Nebraska,-1.061178462,-0.646286809,-0.196071936,0.258884405,0.69516238,1.090292468,1.426242781,1.696828654,1.906225106,2.073202228,2.225632687,2.37750701,2.533048301,2.67345871,2.779523061,2.860898926,2.949122022,3.084417929,3.282145109,3.514870231,3.734112152,3.889327546,3.960181521,3.972946189,3.961952372,3.92642658,3.816827354,3.548433236,3.021365217,2.145977151,0.863711598,-0.84325898,-2.966545875,-5.471603264,-8.295568246,-11.34956684,-14.52710122,-17.71615779,-20.79827372,-23.65524512,-26.18548775,-28.32150198,-30.04407011,-31.37726089,-32.37271858,-33.09999458,-33.63474799,-34.04875308,-34.40328732,-34.74505248,-35.10458443,-35.4949106,-35.91142909,-36.33846523,-36.75578737,-37.14576908,-37.50588451,-37.85158049,-38.20676026,-38.59327445,-39.01804983,-39.45980756,-39.86622939,-40.16375161,-40.27079753,-40.11802342,-39.67604571,-38.95387013,-37.99090591,-36.85164718,-35.62319856,-34.39579787,-33.23996436,-32.19655757,-31.27330608,-30.45406327,-29.71391592,-29.03244424,-28.39792824,-27.8045355,-27.25332309,-26.75350433,-26.31983571,-25.96709829,-25.70476275,-25.53348173,-25.43920238,-25.39325405,-25.37007528,-25.35319899,-25.33708532,-25.32367181,-25.30453655,-25.24829464,-25.10857645,-24.84518971,-24.43820061,-23.89932374,-23.2746196,-22.63259001,-22.04856399,-21.58859834,-21.29783906,-21.1883377,-21.22601113,-21.33376256,-21.40911145,-21.33330719,-21.00353452,-20.38412626,-19.509915,-18.46592792,-17.35208803,-16.2426294,-15.18444277,-14.20615488,-13.33811054,-12.6160346,-12.06753131,-11.70621521,-11.52290353,-11.4733453,-11.48705215,-11.50073049,-11.48449093,-11.4339011,-11.36217448,-11.28556884,-11.19521471,-11.05491345,-10.83203061,-10.51904204,-10.14123217,-9.755896671,-9.426777799,-9.187290038,-9.034509048,-8.955388773,-8.936342664,-8.970815699,
Nevada,-2.183494478,-1.475308398,-0.727828607,-0.008587955,0.624536408,1.129274073,1.493859446,1.750495951,1.955458335,2.168118766,2.417585629,2.660282265,2.84314071,2.951301074,3.01005389,3.053926561,3.076957492,3.048111967,2.928498602,2.68490897,2.321467419,1.874051506,1.399734239,0.97598356,0.651825928,0.431773313,0.283751498,0.150695017,-0.040008648,-0.378503591,-0.973837412,-1.950863198,-3.448304584,-5.599503047,-8.49876002,-12.17771504,-16.57990154,-21.54613388,-26.82728558,-32.12120177,-37.12053982,-41.56733819,-45.29181371,-48.22433467,-50.38918701,-51.88421132,-52.84684726,-53.42414916,-53.75222846,-53.94710937,-54.10159957,-54.28568397,-54.54890491,-54.91323903,-55.36698976,-55.86861983,-56.36074391,-56.78501913,-57.09777352,-57.27841786,-57.32258067,-57.23307427,-57.01602016,-56.68340106,-56.25619525,-55.76809726,-55.27039528,-54.81418733,-54.43285926,-54.13494659,-53.90976537,-53.73684077,-53.59309887,-53.45733799,-53.30462098,-53.10549874,-52.83426611,-52.47933359,-52.04724452,-51.56363805,-51.07114001,-50.61547008,-50.23093406,-49.93410278,-49.72597876,-49.59552235,-49.52233729,-49.48022897,-49.43673275,-49.35333026,-49.19099336,-48.91853353,-48.51842259,-47.98596619,-47.32876818,-46.56338031,-45.70716525,-44.77617965,-43.79477047,-42.80158952,-41.8489926,-40.99672477,-40.29590087,-39.77412761,-39.42733772,-39.21905534,-39.08764163,-38.95267788,-38.73699302,-38.39446486,-37.90668977,-37.27529723,-36.51571007,-35.64788229,-34.69658075,-33.69689034,-32.69413352,-31.73993142,-30.88411534,-30.17127598,-29.63436216,-29.28086551,-29.09110201,-29.0236925,-29.02317509,-29.03130859,-29.00128275,-28.90829838,-28.74517126,-28.51974871,-28.2537382,-27.97307232,-27.70308117,-27.47218001,-27.30864155,-27.22329405,-27.20712191,-27.2461291,-27.32619864,-27.43230483,-27.55264789
New Hampshire,-4.121722223,-3.375953383,-2.409436411,-1.320420315,-0.199170584,0.88595692,1.879868567,2.728964447,3.386244605,3.845663997,4.133836939,4.259629917,4.18036843,3.84803806,3.246178062,2.398803497,1.403444309,0.429275288,-0.354900722,-0.828998911,-0.944351185,-0.748422108,-0.356636078,0.131680285,0.652995595,1.159881137,1.604600611,1.917305139,2.000987038,1.734702426,0.999511707,-0.291793646,-2.191642679,-4.717292885,-7.839928177,-11.47932968,-15.51499801,-19.78651577,-24.10439796,-28.27741037,-32.14431023,-35.59160578,-38.56433458,-41.06359867,-43.13077507,-44.83300901,-46.24887994,-47.45402102,-48.50607819,-49.43638593,-50.25276345,-50.94905512,-51.51962917,-51.96310412,-52.28282574,-52.4890457,-52.60392668,-52.66077751,-52.69343989,-52.72791506,-52.77242323,-52.81127259,-52.81018786,-52.73103128,-52.54339912,-52.23068468,-51.80248621,-51.28577113,-50.70783108,-50.09306217,-49.4656361,-48.85123177,-48.27177558,-47.73398504,-47.23334981,-46.75687883,-46.283149,-45.78702302,-45.24667203,-44.6421678,-43.96621934,-43.23506427,-42.48594485,-41.76931966,-41.14249673,-40.65849544,-40.34537544,-40.19737098,-40.17800223,-40.22260074,-40.25152599,-40.18705116,-39.96910333,-39.55935637,-38.94004866,-38.11843896,-37.12627267,-36.01365329,-34.84648446,-33.7050658,-32.66963268,-31.80784299,-31.16577524,-30.75408161,-30.54226139,-30.46728857,-30.45123062,-30.39936148,-30.21368813,-29.83513237,-29.25080823,-28.49136187,-27.61900006,-26.70437636,-25.80230926,-24.94540948,-24.15711891,-23.45841853,-22.86908389,-22.40607577,-22.07892287,-21.86656679,-21.71489253,-21.55798281,-21.33818242,-21.01748258,-20.58922131,-20.07959853,-19.52464839,-18.95748897,-18.41666335,-17.94723505,-17.59707426,-17.40713382,-17.39981758,-17.55036928,-17.79167879,-18.06354173,-18.3351445,-18.6045427,
New Jersey,-1.424453363,-1.036373589,-0.62511826,-0.247626699,0.051060309,0.243061388,0.324741741,0.324565748,0.29756826,0.314959895,0.418632082,0.567311693,0.689317433,0.729705412,0.662764425,0.498401728,0.278525699,0.058743716,-0.117443007,-0.2291696,-0.275719949,-0.278242055,-0.261607504,-0.223808872,-0.161390775,-0.096547929,-0.087567516,-0.224086286,-0.62178791,-1.417200146,-2.738951861,-4.687818332,-7.328456319,-10.6799044,-14.70089524,-19.28275457,-24.25433983,-29.39372781,-34.46197514,-39.24574062,-43.5883628,-47.39581371,-50.62846527,-53.28422103,-55.38287676,-56.97128287,-58.12526845,-58.93691097,-59.50287196,-59.90933499,-60.22142016,-60.48146548,-60.71320642,-60.92922917,-61.13820049,-61.34678598,-61.56337926,-61.79851469,-62.05519279,-62.32580388,-62.59389534,-62.83551236,-63.02314366,-63.13412889,-63.15445251,-63.0734463,-62.89547754,-62.64530056,-62.3552047,-62.05705521,-61.77886128,-61.53822475,-61.33422659,-61.14827548,-60.95724361,-60.73870085,-60.47091835,-60.1408642,-59.74518469,-59.28069048,-58.75384532,-58.18680475,-57.61340178,-57.07570711,-56.61737144,-56.26842122,-56.02830539,-55.86784627,-55.74106114,-55.59743706,-55.39582908,-55.10992123,-54.7289692,-54.24883763,-53.67267733,-53.02262201,-52.33811956,-51.66672681,-51.05707014,-50.54872532,-50.15844457,-49.8778006,-49.67960449,-49.52381803,-49.36602125,-49.16375736,-48.88189999,-48.48548058,-47.94490383,-47.26369736,-46.47647467,-45.63756466,-44.80758128,-44.02925508,-43.30836055,-42.62260675,-41.9489419,-41.28158223,-40.63716086,-40.04934024,-39.55179041,-39.14609062,-38.79913913,-38.46884142,-38.11946629,-37.72899431,-37.2951807,-36.82667068,-36.32328636,-35.77691793,-35.18812834,-34.57655055,-33.98524803,-33.47483062,-33.09968528,-32.87253991,-32.76266099,-32.72781903,-32.73298011,-32.75831664,
New Mexico,-3.105927394,-2.281905501,-1.273729481,-0.174016529,0.928257513,1.950555373,2.821903756,3.491429868,3.929849106,4.150555591,4.207971053,4.152350247,4.047192938,3.974533377,4.02367735,4.26221165,4.677473739,5.177898362,5.631667706,5.9056275,5.916238897,5.658915523,5.212242593,4.715202552,4.29502196,4.021147943,3.895782103,3.85830129,3.799035371,3.581341717,3.068085506,2.142609085,0.724454617,-1.224622916,-3.696874353,-6.63769405,-9.958981503,-13.54412232,-17.25902286,-20.97124184,-24.56692667,-27.96152481,-31.10025861,-33.94716377,-36.47320924,-38.65099542,-40.45748329,-41.88446029,-42.94399102,-43.67064393,-44.12081754,-44.36383984,-44.47443891,-44.52506901,-44.57529247,-44.66671836,-44.82360921,-45.05468845,-45.35430778,-45.70182218,-46.06084098,-46.380472,-46.60059501,-46.6624233,-46.52240186,-46.16260903,-45.60065877,-44.88405553,-44.07262083,-43.22445544,-42.3907041,-41.61123712,-40.90887384,-40.2848868,-39.71829366,-39.17603219,-38.62723413,-38.05266107,-37.44639403,-36.81523243,-36.17979688,-35.57283989,-35.03230264,-34.59268041,-34.27838495,-34.10048935,-34.05287732,-34.10923562,-34.23000242,-34.37006956,-34.48414996,-34.52873507,-34.46286612,-34.24587132,-33.84463909,-33.24678724,-32.46158841,-31.52021392,-30.48011361,-29.42262667,-28.43991008,-27.61535621,-27.00889183,-26.6432232,-26.49794551,-26.51261739,-26.59965058,-26.64819337,-26.54691893,-26.23279185,-25.69869589,-24.98397333,-24.15724611,-23.29494713,-22.46377751,-21.71233751,-21.07423631,-20.56898566,-20.20644987,-19.99410336,-19.93483934,-20.00799557,-20.16228864,-20.33846349,-20.48499777,-20.56025439,-20.53719836,-20.41038012,-20.1849501,-19.87057146,-19.49345997,-19.09550183,-18.72914035,-18.44675526,-18.28640525,-18.25085239,-18.31320982,-18.44497812,-18.6271524,-18.84820523,
New York,-2.509265004,-1.972133882,-1.368726934,-0.820659358,-0.444739742,-0.324731557,-0.487349802,-0.885434724,-1.402774354,-1.873016419,-2.139234294,-2.150156803,-1.941033822,-1.587336934,-1.184200784,-0.826211383,-0.569851617,-0.420607694,-0.353806077,-0.334318675,-0.327704894,-0.321604672,-0.314818297,-0.288050819,-0.229626431,-0.161851816,-0.149321256,-0.29170227,-0.712850367,-1.551049584,-2.932068737,-4.95083691,-7.666453646,-11.09618917,-15.20005989,-19.87206013,-24.94609384,-30.20725185,-35.42157146,-40.37907184,-44.9242579,-48.95971204,-52.43673204,-55.34182364,-57.68259457,-59.49116997,-60.83305156,-61.79721943,-62.48174583,-62.97788297,-63.35723617,-63.66605536,-63.93004935,-64.16577855,-64.38832559,-64.61174494,-64.84960211,-65.11140946,-65.39173795,-65.66916011,-65.91514032,-66.10256066,-66.21140071,-66.23293752,-66.16731053,-66.01523357,-65.78332102,-65.48970451,-65.15758607,-64.8111311,-64.47289509,-64.15819038,-63.86801045,-63.58860732,-63.30230436,-62.99650649,-62.66488704,-62.30893405,-61.93461386,-61.542472,-61.13398106,-60.71917158,-60.31718327,-59.95597582,-59.66747841,-59.47410799,-59.37244064,-59.33266033,-59.31212676,-59.2667978,-59.16118457,-58.97217586,-58.68815994,-58.30002273,-57.80089385,-57.19897483,-56.51885219,-55.79661022,-55.07641373,-54.40266851,-53.80659919,-53.30214191,-52.89040728,-52.56055476,-52.29349076,-52.06485914,-51.84629556,-51.59758853,-51.27194736,-50.84528685,-50.3202397,-49.71973378,-49.07806052,-48.42218345,-47.75555986,-47.06343095,-46.33431064,-45.57436472,-44.81090554,-44.08690654,-43.44594655,-42.90270229,-42.43654657,-42.01343443,-41.60065516,-41.17360787,-40.72230071,-40.24723371,-39.7440304,-39.2034096,-38.62659958,-38.0311306,-37.45058589,-36.92894663,-36.50529094,-36.18881688,-35.9588844,-35.78619712,-35.64302927,-35.50922705,-35.37579726
North Carolina,-3.912147274,-3.046981832,-1.976508218,-0.851680279,0.169217265,0.950676833,1.398275562,1.468144264,1.172644594,0.584028335,-0.178769197,-0.95177251,-1.535002015,-1.738250938,-1.472747704,-0.783038281,0.204417456,1.319796454,2.375266616,3.20857148,3.716074584,3.863734693,3.70201985,3.36599924,3.004756947,2.723951275,2.561294746,2.479682924,2.376822396,2.113523405,1.546401136,0.551958954,-0.959878258,-3.035111298,-5.666800756,-8.793425894,-12.30042946,-16.03230403,-19.82177159,-23.50551713,-26.94205375,-30.03056225,-32.71564036,-34.98238282,-36.8500014,-38.37262546,-39.62655229,-40.68888099,-41.62313104,-42.47231714,-43.25336922,-43.96157484,-44.58447089,-45.11169255,-45.54227907,-45.88646229,-46.16371301,-46.39672197,-46.60348368,-46.79167866,-46.95171862,-47.05579958,-47.0626882,-46.93104802,-46.63539629,-46.17414106,-45.58029187,-44.9100629,-44.22196305,-43.56538753,-42.97371589,-42.45723752,-42.00184774,-41.58005243,-41.15951711,-40.70487648,-40.18911287,-39.60375208,-38.9509417,-38.23901867,-37.48549066,-36.71385315,-35.94956311,-35.21854254,-34.54535692,-33.94494331,-33.41756232,-32.95338127,-32.53813321,-32.16253737,-31.82914618,-31.55208958,-31.34970593,-31.22833546,-31.18546152,-31.21637885,-31.31296346,-31.46245279,-31.64599703,-31.83409974,-31.9852749,-32.0553758,-32.01095016,-31.83795515,-31.54207407,-31.14048956,-30.64736525,-30.05147476,-29.32678222,-28.46277923,-27.46999181,-26.39167755,-25.29795805,-24.26071537,-23.32889248,-22.52949002,-21.87906733,-21.39037735,-21.0747293,-20.94292464,-20.99863831,-21.22154232,-21.57236924,-22.00705306,-22.4817923,-22.9517461,-23.37075716,-23.6884156,-23.84438617,-23.7847612,-23.49042545,-22.98988842,-22.35380532,-21.67849887,-21.05814586,-20.54947457,-20.16829268,-19.90284811,-19.72394992,-19.60119308,-19.51769014
North Dakota,1.358717608,1.062863443,0.887950142,0.835500817,0.897341354,1.055953651,1.287235977,1.564359479,1.860027719,2.150873388,2.418170603,2.643617576,2.811973499,2.915667491,2.957132203,2.949965173,2.915437455,2.876862462,2.851044636,2.846916804,2.868379998,2.915074388,2.986062012,3.083470701,3.202769082,3.323984697,3.40957328,3.406891995,3.253333864,2.884077741,2.240550263,1.275424575,-0.043959428,-1.730495642,-3.773194759,-6.13713824,-8.765246195,-11.58210874,-14.50022611,-17.4275128,-20.27559171,-22.96985458,-25.45755516,-27.71138457,-29.72913225,-31.52876251,-33.14033168,-34.59798174,-35.93261363,-37.16637948,-38.30999691,-39.36280766,-40.31506981,-41.15162933,-41.85630081,-42.41665368,-42.82808073,-43.09425073,-43.22552186,-43.23582168,-43.13756461,-42.93755753,-42.63583753,-42.22746245,-41.70637135,-41.07007412,-40.32357888,-39.47818681,-38.54892667,-37.55212706,-36.50415106,-35.41985718,-34.31103024,-33.18598699,-32.05022025,-30.90698019,-29.7598696,-28.6155334,-27.48415652,-26.38076072,-25.3263883,-24.34698669,-23.47002028,-22.71862629,-22.10619187,-21.63271189,-21.28181411,-21.01985457,-20.79983849,-20.56718482,-20.2673663,-19.85294672,-19.28815138,-18.55228811,-17.64310817,-16.58011517,-15.40372593,-14.16927747,-12.93951036,-11.7775469,-10.73956269,-9.86594015,-9.175584903,-8.66258483,-8.297294018,-8.032878222,-7.814013417,-7.584089168,-7.294184615,-6.913741356,-6.433625391,-5.865126357,-5.237120656,-4.59162437,-3.971594308,-3.412634188,-2.94110401,-2.572110609,-2.308354893,-2.14180453,-2.056585605,-2.031077629,-2.038736777,-2.050617988,-2.038935369,-1.978320808,-1.849199865,-1.640725603,-1.350985364,-0.986369243,-0.561561099,-0.098438331,0,0,0,0,0,0,0,0,
Ohio,-2.452996351,-2.028973262,-1.415109591,-0.692820438,0.058862096,0.776339565,1.421439358,1.986829557,2.486095958,2.940149961,3.351990998,3.683612558,3.8858202,3.926072768,3.800747597,3.545097109,3.223728412,2.910861828,2.665366093,2.523829233,2.494137332,2.546322941,2.644572575,2.786278212,2.976847498,3.194069928,3.381327284,3.45009195,3.28669399,2.764861166,1.777655811,0.25794085,-1.823225552,-4.459977899,-7.607835996,-11.18074684,-15.05734035,-19.09432989,-23.14133896,-27.06071046,-30.742835,-34.11077819,-37.11593752,-39.73155699,-41.94668919,-43.75937107,-45.17712708,-46.2239826,-46.93733112,-47.36402199,-47.5590717,-47.58021356,-47.48520005,-47.33234374,-47.17629471,-47.06188727,-47.02156923,-47.07243547,-47.21355549,-47.42807397,-47.6844897,-47.93955398,-48.14128186,-48.23776098,-48.1855372,-47.95341579,-47.53477664,-46.94420633,-46.20851632,-45.36172289,-44.44453478,-43.5002868,-42.5608226,-41.6425705,-40.74933732,-39.87504271,-39.01049337,-38.15193999,-37.29672512,-36.4408087,-35.59056712,-34.76336383,-33.98680186,-33.298045,-32.73740799,-32.33449628,-32.09172944,-31.98224949,-31.95861784,-31.96767282,-31.96021561,-31.89632613,-31.74703826,-31.48554374,-31.09091939,-30.56000523,-29.90439736,-29.14515956,-28.31341656,-27.44545603,-26.57403138,-25.72942452,-24.94274904,-24.23771863,-23.61978076,-23.07311331,-22.56444211,-22.03423156,-21.41507555,-20.67353316,-19.81173738,-18.86391692,-17.89008739,-16.95341054,-16.09119103,-15.31417843,-14.62640545,-14.03670422,-13.56233575,-13.2268065,-13.04493448,-12.99722208,-13.03225236,-13.08894051,-13.11517328,-13.07783817,-12.96517139,-12.78556116,-12.55252954,-12.27783403,-11.98280253,-11.69875931,-11.46344443,-11.31600674,-11.28274859,-11.35418749,-11.49555612,-11.68018528,-11.89857996,-12.14920654,
Oklahoma,-6.996666775,-5.498633212,-3.868866414,-2.311318629,-0.965520519,0.09508762,0.850575823,1.322303496,1.559445915,1.6300132,1.600973543,1.515879224,1.412802066,1.346308437,1.382962102,1.587343097,1.989488513,2.561101934,3.217201694,3.845774164,4.351708354,4.678420574,4.818967735,4.81762076,4.733675955,4.605677217,4.441875712,4.223261697,3.90596794,3.425564385,2.70769688,1.676561508,0.265101764,-1.568105923,-3.823434409,-6.455595216,-9.381371463,-12.48807724,-15.64552565,-18.72501651,-21.61463185,-24.22891663,-26.519338,-28.47716325,-30.12665528,-31.5164473,-32.70632747,-33.7531721,-34.69961699,-35.57157891,-36.38057574,-37.12490933,-37.79472991,-38.37767808,-38.85923624,-39.22385591,-39.46203595,-39.57660448,-39.58306877,-39.50488108,-39.36462954,-39.17331191,-38.92464471,-38.60043019,-38.18062094,-37.65456311,-37.03126906,-36.33584121,-35.60030413,-34.8509053,-34.10271259,-33.35917343,-32.61083354,-31.8394378,-31.0213445,-30.13407588,-29.16481055,-28.11172692,-26.98308178,-25.79474127,-24.57121001,-23.34875842,-22.17323393,-21.09204113,-20.15073417,-19.38722969,-18.82137057,-18.45416254,-18.274036,-18.25813616,-18.37054091,-18.56356289,-18.77535937,-18.92680911,-18.93751693,-18.75041127,-18.34640856,-17.74526225,-17.00561465,-16.2200901,-15.49201703,-14.91095524,-14.53758384,-14.38576798,-14.41132025,-14.52530439,-14.61784758,-14.57136091,-14.29163648,-13.75058123,-12.98292047,-12.06679312,-11.09929694,-10.16379192,-9.313279411,-8.574120008,-7.963055768,-7.492679895,-7.167318536,-6.98818913,-6.951749554,-7.035506256,-7.20052233,-7.410210099,-7.639749592,-7.871279785,-8.096870204,-8.318913623,-8.534843635,-8.731650048,-8.898145143,-9.031473228,-9.135777502,-9.224196363,-9.317314693,-9.42533627,-9.548779973,-9.691555019,-9.859845833,-10.05696242,
Oregon,-2.072783102,-1.436178398,-0.825568103,-0.269491291,0.225930084,0.66874917,1.074656862,1.465447592,1.85938988,2.275996202,2.72856153,3.173507693,3.552435562,3.828149454,3.987822759,4.04628647,4.021713205,3.914777722,3.705870176,3.372434602,2.912990908,2.354474014,1.757678789,1.221998141,0.836968053,0.638780535,0.603733495,0.658884239,0.688563462,0.542731924,0.067271224,-0.867977483,-2.350422696,-4.40080686,-6.982978751,-10.02452717,-13.42225608,-17.05673597,-20.80396835,-24.55080628,-28.20939939,-31.71461255,-35.01315735,-38.05542141,-40.78985467,-43.16559065,-45.14462145,-46.71305535,-47.88139704,-48.68111861,-49.15991508,-49.37199354,-49.37150931,-49.20858467,-48.92501036,-48.55364415,-48.12243288,-47.65682867,-47.17916418,-46.70707925,-46.25346377,-45.82594101,-45.42766101,-45.06103096,-44.72963209,-44.43908164,-44.20129252,-44.02995925,-43.93439034,-43.91631692,-43.9689908,-44.07685342,-44.21368756,-44.3396252,-44.40237818,-44.35328266,-44.16360619,-43.82902848,-43.36618459,-42.80314159,-42.1717241,-41.50424199,-40.82992353,-40.1759227,-39.56916236,-39.03416316,-38.58826409,-38.23793062,-37.98366218,-37.82283855,-37.74680946,-37.73645254,-37.75911526,-37.76519618,-37.69596497,-37.50148986,-37.15167172,-36.64254901,-36.00105655,-35.27659266,-34.52403432,-33.79051065,-33.11533694,-32.52858765,-32.0463662,-31.66619446,-31.36371946,-31.07851127,-30.7279457,-30.25320493,-29.6338733,-28.88980124,-28.0782611,-27.27528566,-26.54712733,-25.93293724,-25.45174654,-25.11028797,-24.90118275,-24.80737077,-24.80355709,-24.84749152,-24.8801373,-24.84420239,-24.70126712,-24.43075834,-24.0279626,-23.5030673,-22.86463349,-22.11888008,-21.29399356,-20.44450672,-19.64113043,-18.96377556,-18.48175607,-18.21834337,-18.14493923,-18.2135127,-18.37994964,-18.61075855,-18.88456598
Pennsylvania,-2.501755957,-1.97674557,-1.306376128,-0.574148512,0.136084983,0.754817403,1.236965744,1.57402361,1.796666874,1.969708701,2.152242266,2.338867756,2.492938396,2.578792916,2.57151712,2.467629082,2.29069632,2.083358107,1.882814197,1.714954379,1.598856871,1.531417901,1.503929901,1.538387881,1.663489666,1.878516532,2.138722734,2.353582729,2.39119352,2.086715698,1.279534606,-0.156557136,-2.308932081,-5.219511863,-8.868921175,-13.16618901,-17.95223439,-23.00887228,-28.08592007,-32.94414379,-37.39636754,-41.32074674,-44.65435915,-47.3832751,-49.52709757,-51.13202052,-52.27254306,-53.04257967,-53.54276123,-53.86485384,-54.08197846,-54.24478382,-54.38176151,-54.50954735,-54.64153041,-54.78962372,-54.96581054,-55.17962934,-55.42994613,-55.7010926,-55.96640889,-56.19204634,-56.34054582,-56.37962626,-56.28842368,-56.05443829,-55.68479981,-55.20695952,-54.65513939,-54.06335729,-53.46576957,-52.89255275,-52.35676133,-51.84946073,-51.3492636,-50.83191787,-50.27512523,-49.66671476,-49.0046187,-48.28842454,-47.52933853,-46.75668391,-46.01362871,-45.35129662,-44.82123571,-44.45782525,-44.25842732,-44.18212876,-44.16375477,-44.13108601,-44.02285881,-43.79545752,-43.42496177,-42.89667558,-42.20496965,-41.36893711,-40.43146762,-39.4498186,-38.49196988,-37.62808535,-36.91386881,-36.38092395,-36.03382189,-35.84914885,-35.78087235,-35.76848095,-35.74875409,-35.64355844,-35.37164086,-34.89202543,-34.20427994,-33.34090181,-32.35775713,-31.31061074,-30.22530904,-29.10209629,-27.94676101,-26.78859183,-25.68700683,-24.7207149,-23.95869142,-23.41566174,-23.0493803,-22.79601785,-22.59558987,-22.40507382,-22.20794037,-22.00899966,-21.80613536,-21.58190764,-21.32523017,-21.04260698,-20.76466022,-20.54344573,-20.4300736,-20.4297212,-20.50000476,-20.59960285,-20.70660526,-20.81778707,
Rhode Island,-2.303253191,-1.73524374,-1.118840323,-0.547880433,-0.102712309,0.159804805,0.213897502,0.081003178,-0.166457003,-0.404093006,-0.486577683,-0.351515223,-0.023623684,0.430384885,0.924924261,1.369327609,1.696136615,1.885039769,1.946078792,1.902251919,1.782102514,1.609208726,1.41398389,1.249444412,1.166719574,1.175586846,1.23101505,1.238960305,1.07026599,0.569298547,-0.42487634,-2.039415678,-4.348620945,-7.369906021,-11.05478709,-15.27988972,-19.85965745,-24.56464444,-29.14875604,-33.39576387,-37.16044425,-40.37588318,-43.04578183,-45.21860207,-46.96061396,-48.34808365,-49.46634451,-50.40282014,-51.23630202,-52.02197082,-52.78207326,-53.50878067,-54.18072416,-54.77485846,-55.27444469,-55.67494215,-55.98790882,-56.2374058,-56.44623366,-56.62700121,-56.77921987,-56.8898978,-56.94110226,-56.91786302,-56.80770369,-56.59966102,-56.29991672,-55.93496324,-55.53318748,-55.11963325,-54.71553792,-54.33723064,-53.99244883,-53.66786023,-53.33912732,-52.98327173,-52.57880944,-52.10871544,-51.56195326,-50.92519942,-50.19605356,-49.39785643,-48.5775921,-47.80054163,-47.14121407,-46.66130353,-46.38089514,-46.27042869,-46.26670694,-46.28814447,-46.25461523,-46.10177232,-45.78727942,-45.28543761,-44.58696534,-43.71274513,-42.71269912,-41.65526052,-40.61883166,-39.68157397,-38.90305491,-38.31298931,-37.91359262,-37.67802863,-37.55607964,-37.48169204,-37.38475694,-37.18845256,-36.81087368,-36.21105924,-35.39878595,-34.42694112,-33.37992746,-32.34674475,-31.38341972,-30.50229889,-29.69545636,-28.95710155,-28.2944901,-27.72446206,-27.26310928,-26.89869406,-26.58212856,-26.25613771,-25.8769595,-25.42330741,-24.90603937,-24.35777388,-23.80158129,-23.24097348,-22.68682587,-22.16912082,-21.74092476,-21.46863942,-21.40260354,-21.52895604,-21.77040537,-22.05235341,-22.33396404,-22.60830503,
South Carolina,-3.14283214,-2.46672277,-1.620915724,-0.717802814,0.13002033,0.829048818,1.317273961,1.568487128,1.594656116,1.45543217,1.245404066,1.060524215,0.980056537,1.054720202,1.298026977,1.70298956,2.246728051,2.885168472,3.534250014,4.089541167,4.463030024,4.608702007,4.5405802,4.347680538,4.156666283,4.075389116,4.154997017,4.371592805,4.628695634,4.792281668,4.727521808,4.318275401,3.464506651,2.085520533,0.132599789,-2.397030978,-5.451134313,-8.917613604,-12.63251595,-16.40668719,-20.05298906,-23.41182454,-26.36753445,-28.85428031,-30.85591422,-32.40557492,-33.57592336,-34.46306705,-35.16646046,-35.77408835,-36.35393321,-36.95128344,-37.59359348,-38.29092986,-39.03690894,-39.8114294,-40.58576693,-41.32645395,-41.99847386,-42.56709885,-42.99356592,-43.23541778,-43.25282661,-43.02011615,-42.53839361,-41.84225116,-41.00229253,-40.101729,-39.2100493,-38.37043278,-37.59662913,-36.87558057,-36.17600388,-35.46579856,-34.71833481,-33.90822829,-33.01909302,-32.05354221,-31.02598572,-29.95729207,-28.8749813,-27.8051079,-26.76637559,-25.77153602,-24.83021945,-23.949069,-23.13051795,-22.37450105,-21.68184627,-21.05928704,-20.51907311,-20.07448614,-19.73025419,-19.471541,-19.27310977,-19.11293337,-18.97580238,-18.85424111,-18.74896042,-18.66564551,-18.60948328,-18.58401356,-18.59221056,-18.63174893,-18.68985559,-18.73669033,-18.72576042,-18.58957232,-18.25867622,-17.69844734,-16.91531252,-15.96002169,-14.914074,-13.86151158,-12.87064918,-11.9921461,-11.26664695,-10.72731873,-10.39713904,-10.28758204,-10.39179198,-10.66908678,-11.0511324,-11.465279,-11.84868197,-12.15639829,-12.36425676,-12.46439362,-12.45087752,-12.32100385,-12.09068841,-11.8007896,-11.51089708,-11.28459567,-11.16948476,-11.17488463,-11.2783508,-11.45196615,-11.67560926,-11.9392364,
South Dakota,0.130459553,0.159946147,0.348087545,0.655497983,1.0327178,1.424933271,1.782405007,2.07260947,2.283068479,2.421329633,2.508371288,2.558581683,2.576723128,2.56649919,2.543380098,2.540066781,2.598871492,2.762953158,3.051573658,3.447213588,3.913230021,4.4066923,4.888957302,5.334115185,5.718418723,6.005705712,6.141573342,6.055573837,5.670334919,4.917136337,3.750697058,2.160052186,0.171762595,-2.152309156,-4.726557824,-7.454178181,-10.23918192,-12.99934871,-15.66637832,-18.1858187,-20.51749116,-22.63747887,-24.54189045,-26.24251082,-27.76051716,-29.1211009,-30.3474713,-31.45858469,-32.47048148,-33.39580361,-34.243459,-35.01891439,-35.72325716,-36.35389055,-36.90677274,-37.38037944,-37.78114206,-38.12234454,-38.41942295,-38.68350862,-38.91239143,-39.08497455,-39.16370407,-39.10254652,-38.8585016,-38.40591541,-37.74595736,-36.90136376,-35.90864233,-34.81076732,-33.65103168,-32.4674671,-31.28860732,-30.1310052,-28.99720234,-27.87964769,-26.76943879,-25.66394821,-24.56948342,-23.50402531,-22.49697911,-21.58637063,-20.81220835,-20.20596858,-19.78221609,-19.53677152,-19.44443187,-19.45877312,-19.52267665,-19.57733529,-19.57040359,-19.46046256,-19.21468999,-18.80548118,-18.20981217,-17.41584858,-16.42958075,-15.27759852,-14.00615353,-12.67811579,-11.36624244,-10.14020989,-9.058299975,-8.159933928,-7.457115784,-6.93136823,-6.537643719,-6.206235941,-5.852088309,-5.404639327,-4.823527541,-4.103181528,-3.269692061,-2.372333606,-1.46483114,-0.590485986,0,0,0,0,0,0,0,0,0,0,0,0,0,0,0,0,0,0,0,0,0,0,0,0,
Tennessee,-3.978005066,-3.231369225,-2.208064768,-1.045856066,0.110747627,1.136814798,1.944361318,2.490810387,2.781277879,2.866337568,2.819981074,2.709656526,2.590291007,2.512473142,2.512808182,2.615449386,2.824823993,3.111705444,3.416834001,3.676227747,3.840781785,3.884156456,3.814387157,3.690544703,3.581458173,3.521725977,3.496685809,3.446491451,3.279363532,2.891516962,2.198004214,1.144848291,-0.296798291,-2.133666887,-4.35091485,-6.91343073,-9.764908769,-12.82583672,-15.99979928,-19.17865561,-22.2518425,-25.11737701,-27.69162524,-29.91865025,-31.77367692,-33.26807285,-34.44661451,-35.37858325,-36.14155929,-36.80681189,-37.42934115,-38.04106342,-38.6529541,-39.25987553,-39.84647722,-40.39094627,-40.87051935,-41.2658973,-41.56108257,-41.74376559,-41.80193469,-41.72053751,-41.48165903,-41.07301143,-40.4978235,-39.78092408,-38.97544325,-38.14672423,-37.3547016,-36.64287114,-36.03411512,-35.52786573,-35.09865855,-34.70545295,-34.29454156,-33.80433089,-33.18150496,-32.39527785,-31.43819142,-30.32650031,-29.10168644,-27.82141719,-26.55011308,-25.35023494,-24.27303619,-23.3509701,-22.59081181,-21.97865194,-21.48763777,-21.08889748,-20.7591649,-20.48258723,-20.24893826,-20.03930469,-19.83087715,-19.60900705,-19.36968744,-19.11773412,-18.86704161,-18.63831085,-18.45081457,-18.3195763,-18.25181821,-18.24052942,-18.26021257,-18.26768037,-18.21002035,-18.0242703,-17.65750603,-17.09740025,-16.37261138,-15.54486167,-14.69316961,-13.88746275,-13.16951826,-12.55536025,-12.04711598,-11.64045444,-11.32762672,-11.1006555,-10.94889248,-10.84724949,-10.76369648,-10.67399168,-10.56754938,-10.44537331,-10.31803204,-10.20085856,-10.10024203,-10.01602406,-9.951053331,-9.914350433,-9.921141603,-9.988714644,-10.12679739,-10.32284479,-10.55220257,-10.79873093,-11.05882673,-11.33578234,
Texas,-2.507963431,-1.861563196,-1.10522986,-0.332019621,0.37810447,0.9619245,1.376701363,1.609409668,1.677511273,1.634614462,1.556809785,1.4991548,1.498157208,1.577311977,1.750142275,2.029243402,2.405386016,2.835039997,3.246228325,3.564082576,3.738535492,3.750942562,3.620326992,3.416969029,3.21787551,3.06507943,2.948162714,2.801650927,2.527021199,2.012405055,1.155883044,-0.120287275,-1.873879158,-4.134283558,-6.8916704,-10.09649177,-13.66385377,-17.46773681,-21.35241893,-25.15781663,-28.74366741,-32.00702885,-34.89247576,-37.39090392,-39.5258983,-41.34137489,-42.8866128,-44.20740586,-45.34484421,-46.33374882,-47.20387247,-47.9775592,-48.66911653,-49.28272875,-49.8069577,-50.21767137,-50.49064914,-50.61286374,-50.5889826,-50.43866689,-50.18581188,-49.84634183,-49.42259912,-48.91020815,-48.30896296,-47.62987839,-46.90209406,-46.16120401,-45.43592801,-44.74027491,-44.07676311,-43.44033361,-42.81823049,-42.19713305,-41.56546428,-40.91353461,-40.23710683,-39.53560245,-38.80471444,-38.0334782,-37.21346151,-36.34835209,-35.45727127,-34.57166229,-33.73094848,-32.97512517,-32.32924974,-31.8018001,-31.39756892,-31.12539251,-30.99491377,-31.00827898,-31.14413059,-31.33873764,-31.49890804,-31.53363606,-31.37587753,-30.99674954,-30.41748808,-29.70766094,-28.96530768,-28.29105778,-27.77031756,-27.45009371,-27.32036052,-27.31881404,-27.34796244,-27.28210933,-27.00907556,-26.48806394,-25.7466212,-24.86397974,-23.94356938,-23.07164345,-22.28775108,-21.59589524,-20.99521912,-20.49263933,-20.10303118,-19.84871669,-19.7458183,-19.77530418,-19.88721685,-20.0319876,-20.17789702,-20.31050172,-20.43421675,-20.56624106,-20.7127553,-20.86853908,-21.03798248,-21.23880976,-21.49670063,-21.83833544,-22.27588906,-22.78387072,-23.31644682,-23.84547508,-24.36497825,-24.87196751,
Utah,-3.577699922,-2.449081585,-1.494206603,-0.788423682,-0.355387204,-0.168456398,-0.156101307,-0.212096006,-0.219198134,-0.074610834,0.257576852,0.71513079,1.200138707,1.627462669,1.949426854,2.157037682,2.247389926,2.220194095,2.069977678,1.791756656,1.400103432,0.937325959,0.481322002,0.132216559,-0.052218224,-0.074174269,0.005647859,0.081584388,0.025786607,-0.294804853,-1.005257166,-2.208238464,-3.976062065,-6.343044475,-9.291071804,-12.7373305,-16.53807043,-20.50011852,-24.40692833,-28.05614444,-31.29869225,-34.06347771,-36.34860012,-38.2002502,-39.68647723,-40.87913596,-41.84599589,-42.6469549,-43.33193983,-43.9394482,-44.49428574,-45.00535349,-45.46987386,-45.87781766,-46.21555787,-46.47066665,-46.63732919,-46.71883969,-46.72725662,-46.68238503,-46.60681676,-46.51764179,-46.42019262,-46.30842512,-46.16617992,-45.97136486,-45.70865857,-45.37180443,-44.96228329,-44.49006111,-43.97331607,-43.43221461,-42.87960767,-42.31920402,-41.7458447,-41.15036256,-40.52625432,-39.8748386,-39.19979768,-38.50045663,-37.77418173,-37.02256778,-36.25467391,-35.48762936,-34.74724424,-34.06266066,-33.45390375,-32.92805184,-32.48538649,-32.12547299,-31.84762428,-31.64601483,-31.50192158,-31.37520308,-31.21480558,-30.97906946,-30.64611028,-30.21777546,-29.72297975,-29.21102689,-28.73415466,-28.33374577,-28.03470032,-27.84294674,-27.74436144,-27.70388072,-27.67397755,-27.58918652,-27.37931585,-27.01188602,-26.50369961,-25.91502197,-25.33166275,-24.83303269,-24.46296543,-24.22614184,-24.10377214,-24.06309923,-24.06219805,-24.06446204,-24.04453008,-23.97942875,-23.84909641,-23.64929119,-23.39458886,-23.10761588,-22.81041437,-22.51885033,-22.2268662,-21.909838,-21.55349901,-21.1705092,-20.80036314,-20.49677845,-20.30389759,-20.22704899,-20.23450694,-20.28519369,-20.34794173,-20.40476175,-20.45475776
Vermont,-9.623538102,-7.897815276,-5.670817283,-3.217480405,-0.822650325,1.285190642,2.950353828,4.083994196,4.660198277,4.72928344,4.420587667,3.879821775,3.200497501,2.422704138,1.555473912,0.617972905,-0.314117029,-1.11906509,-1.670144603,-1.861921969,-1.642478261,-1.060427519,-0.22788881,0.759066435,1.830921557,2.919515891,3.936927601,4.754541079,5.210985603,5.137774251,4.404105902,2.934430324,0.699424687,-2.294375056,-5.998454796,-10.31680099,-15.10893826,-20.18895702,-25.35124104,-30.38891573,-35.12043118,-39.4093914,-43.17486022,-46.39492429,-49.09366654,-51.32392338,-53.15219277,-54.64471568,-55.8566858,-56.83258825,-57.60757524,-58.20898186,-58.66276182,-58.9905024,-59.20434842,-59.31030462,-59.31961465,-59.25630261,-59.15484977,-59.05009569,-58.95642838,-58.85874314,-58.71734658,-58.48051453,-58.09817516,-57.53843219,-56.80742215,-55.93766225,-54.97287043,-53.96140376,-52.95381239,-52.00144058,-51.14989962,-50.42315579,-49.80929892,-49.28207638,-48.81442183,-48.38193718,-47.96636733,-47.55529927,-47.14526742,-46.74028053,-46.34622148,-45.97286384,-45.64399287,-45.39312731,-45.24911593,-45.22560156,-45.31552823,-45.48529631,-45.67666045,-45.81233589,-45.81174193,-45.60395643,-45.13431177,-44.37077085,-43.30640196,-41.96366783,-40.40145585,-38.7174973,-37.04269771,-35.52267478,-34.2897283,-33.43227148,-32.97508787,-32.88530381,-33.08895485,-33.46979441,-33.88289201,-34.19454085,-34.29495316,-34.11039196,-33.61350016,-32.82591887,-31.80237718,-30.62507656,-29.39968142,-28.24438959,-27.27174317,-26.56501159,-26.17053983,-26.08200553,-26.22940449,-26.50310768,-26.78143953,-26.95519828,-26.95378184,-26.75809713,-26.3927234,-25.90542185,-25.34787633,-24.76438375,-24.18882341,-23.65712821,-23.22092709,-22.94241053,-22.88023627,-23.07143473,-23.51476734,-24.16737372,-24.95381871
Virginia,-2.618091119,-2.102110859,-1.431551958,-0.70739898,-0.031849819,0.513392234,0.88241333,1.07437654,1.130114058,1.121202729,1.110153285,1.111360808,1.131620424,1.19253126,1.314052882,1.49160844,1.70180158,1.912321843,2.081131673,2.171405024,2.168882681,2.080162345,1.934408315,1.791195353,1.706767385,1.700824587,1.743223187,1.757290304,1.625901886,1.2044836,0.348992003,-1.058666514,-3.094654225,-5.779811982,-9.069812018,-12.85625085,-16.97806045,-21.24191708,-25.45739935,-29.45989051,-33.12469687,-36.37573282,-39.18020182,-41.53855041,-43.47345099,-45.02931585,-46.27120926,-47.27674475,-48.12711086,-48.89182243,-49.61619917,-50.315791,-50.98191515,-51.59279233,-52.1270747,-52.57128725,-52.92364033,-53.19301301,-53.3918182,-53.53121637,-53.61702874,-53.64557914,-53.60285173,-53.47025569,-53.23100081,-52.87292355,-52.40381178,-51.85126318,-51.25012565,-50.63719366,-50.04810147,-49.50971633,-49.03044188,-48.60244392,-48.21187718,-47.83805713,-47.45798618,-47.05588817,-46.6206605,-46.13962352,-45.60699659,-45.03177902,-44.43594882,-43.85024233,-43.31366828,-42.85580795,-42.47859923,-42.16291598,-41.88095835,-41.61119383,-41.34770323,-41.09527093,-40.8587004,-40.62959744,-40.39179298,-40.1377184,-39.8708227,-39.60187143,-39.34675463,-39.11905531,-38.91991201,-38.73999611,-38.56811474,-38.39236679,-38.19881733,-37.97074106,-37.6850483,-37.29826332,-36.76193941,-36.05644076,-35.19501237,-34.22281518,-33.20737352,-32.21343561,-31.27844992,-30.4134872,-29.6238755,-28.92207088,-28.33219949,-27.88865076,-27.62009013,-27.51992739,-27.5508057,-27.67072444,-27.84454254,-28.04389842,-28.24696048,-28.42926364,-28.54558886,-28.53972434,-28.37487733,-28.0512579,-27.61163809,-27.1313325,-26.69327933,-26.34732832,-26.10183615,-25.94818093,-25.86749043,-25.83912588,
Washington,-2.859090048,-2.327722471,-1.676654917,-0.975544769,-0.278992349,0.367720577,0.930765744,1.390680284,1.74381203,1.999552703,2.195527576,2.387663509,2.589632547,2.790837361,2.982571205,3.160519256,3.323131836,3.464732356,3.570034438,3.606827056,3.533506541,3.317949904,2.947559362,2.434454736,1.830414971,-1.459870102,0.644843745,0.142353,-0.31235689,-0.779337144,-1.353595511,-2.137712513,-4.714903023,-6.150214756,-8.931828602,-11.16872407,-13.79397708,-16.56992982,-20.73560359,-23.17663447,-26.61312117,-30.00298373,-31.9759994,-34.18090761,-38.16415626,-40.93827417,-45.12826512,-47.38462412,-49.32309482,-49.90804125,-51.15935127,-50.42737477,-51.04627681,-51.39933691,-51.52722315,-51.47070482,-51.26688311,-50.95173453,-50.56081126,-50.12503999,-49.66764986,-49.20381183,-48.74216793,-48.28659464,-47.83998895,-47.4063537,-46.98978594,-46.59772465,-46.2401374,-45.92631653,-45.66056575,-45.44197512,-45.26540768,-45.11606926,-44.96563347,-44.781412,-44.53951445,-44.23328132,-43.87327359,-43.48065817,-43.07375864,-42.65687731,-42.22210789,-41.75349564,-41.23363083,-40.65218514,-40.00928894,-39.3143168,-38.5830382,-37.8435621,-37.13966126,-36.52782469,-36.06309586,-35.77955024,-35.66735555,-35.67174154,-35.72491612,-35.76893738,-35.76627821,-35.70688399,-35.6028676,-35.47167414,-35.32037849,-35.14897496,-34.65947454,-34.44271936,-34.19672651,-33.91186243,-33.56052134,-33.4010967,-32.82868023,-32.15369262,-31.40879782,-30.64144498,-29.89826244,-29.21097711,-28.58688051,-28.02359621,-26.49291757,-26.07744237,-25.76186161,-25.55459098,-25.42854826,-26.35132423,-26.18203989,-25.90268839,-25.48788147,-24.9396986,-24.28324091,-23.54283836,-22.73344704,-21.88881944,-20.13599258,-19.41911119,-18.878782,-18.55765183,-18.43160348,-19.34694566,-19.34225636,-19.29336394,-19.18791427
West Virginia,-4.511017348,-3.716109062,-2.596386077,-1.289064581,0.052826483,1.292801445,2.333543841,3.127129233,3.672122759,4.00008366,4.155627163,4.173349345,4.084485764,3.921506766,3.715615021,3.493445368,3.276885835,3.088519929,2.945150816,2.862946205,2.855291061,2.908863536,2.992776558,3.096481999,3.224533843,3.372815333,3.521495783,3.631806421,3.641100105,3.46231604,3.007422875,2.207272224,1.007741914,-0.630592885,-2.726907666,-5.274302262,-8.23729142,-11.54911185,-15.11027974,-18.79683609,-22.47426673,-26.01385208,-29.3046053,-32.26156825,-34.82725147,-36.97255724,-38.69639735,-40.02358793,-41.00028159,-41.68588652,-42.14585023,-42.44344285,-42.63454446,-42.76564389,-42.8722487,-42.97813908,-43.0971781,-43.23439203,-43.38418511,-43.52988844,-43.64504652,-43.69613514,-43.64760934,-43.46985018,-43.14718117,-42.68032338,-42.08919769,-41.40663072,-40.66879557,-39.90903762,-39.15638689,-38.43295166,-37.74597202,-37.08504067,-36.4270348,-35.74167672,-34.99975006,-34.18382126,-33.29144231,-32.33208759,-31.32823801,-30.31228849,-29.32183158,-28.39504927,-27.56749977,-26.86517339,-26.29207896,-25.82866386,-25.4395995,-25.0875183,-24.74248357,-24.38274082,-23.99692571,-23.57461006,-23.10518361,-22.58792629,-22.03036422,-21.44461498,-20.84848823,-20.26373675,-19.70931075,-19.1971078,-18.73208529,-18.31113836,-17.92097576,-17.53804535,-17.13259236,-16.66138146,-16.07986676,-15.37119548,-14.5472838,-13.64596467,-12.72094859,-11.82120948,-10.97601554,-10.19606958,-9.489871642,-8.875069053,-8.380325987,-8.041150471,-7.886526686,-7.912981696,-8.084207628,-8.351611135,-8.665903738,-8.983115302,-9.27026506,-9.504880253,-9.6609798,-9.709812858,-9.637612583,-9.457367218,-9.210808502,-8.956265098,-8.749453437,-8.617809686,-8.560165485,-8.568407792,-8.635784221,-8.757460076,
Wisconsin,0.383678247,0.329926044,0.528336238,0.929685648,1.461338998,2.030650648,2.547055178,2.959871631,3.270616474,3.523560365,3.770679118,4.025706721,4.270593956,4.471183258,4.593400283,4.625352218,4.59033331,4.537213832,4.497689323,4.467985039,4.419194794,4.316518454,4.152823027,3.9811534,3.871529957,3.855540254,3.905994991,3.94162537,3.840287161,3.464755389,2.694582725,1.434204798,-0.402020542,-2.88003191,-6.031484565,-9.836367738,-14.20651467,-18.98486773,-23.965009,-28.9258085,-33.66521609,-38.02766313,-41.91171624,-45.26241471,-48.05992788,-50.3113807,-52.04186024,-53.29175163,-54.11432739,-54.57213117,-54.73562513,-54.68271371,-54.49572376,-54.25292019,-54.02152638,-53.85178859,-53.7750685,-53.80410418,-53.9312566,-54.1303803,-54.35960884,-54.56214409,-54.67385777,-54.6334099,-54.39130485,-53.91837404,-53.21953501,-52.32976267,-51.30428822,-50.20931682,-49.11393793,-48.07837491,-47.13711981,-46.2912344,-45.50962023,-44.74497371,-43.95123332,-43.09360954,-42.14888916,-41.10411066,-39.96318767,-38.75791079,-37.54929426,-36.41806351,-35.44487841,-34.68970722,-34.16833458,-33.84757927,-33.66964966,-33.57485616,-33.51493629,-33.45952554,-33.38182382,-33.243674,-33.00590478,-32.64008109,-32.12835412,-31.46400603,-30.65629043,-29.7298714,-28.72506447,-27.70221612,-26.72993115,-25.86727222,-25.14549452,-24.55511172,-24.04889856,-23.5409875,-22.92885645,-22.14633768,-21.17824777,-20.05803323,-18.85759094,-17.65448254,-16.50338793,-15.43793449,-14.49311395,-13.71055998,-13.12798588,-12.76883298,-12.62640028,-12.64184278,-12.71780294,-12.76149308,-12.71906617,-12.58310894,-12.38429179,-12.17510007,-11.9945472,-11.8532684,-11.74960868,-11.68029902,-11.64568667,-11.64629623,-11.67192036,-11.68131044,-11.60830384,-11.40415104,-11.05616874,-10.5855263,-10.04196467
Wyoming,-6.411374248,-4.902411065,-3.3741823,-1.964622822,-0.770793278,0.159735108,0.832034199,1.297965901,1.633177375,1.908770175,2.160959606,2.382212795,2.544919786,2.618999847,2.59182745,2.48400463,2.338015376,2.19211952,2.058381225,1.926494245,1.790502009,1.668006106,1.612468717,1.700176162,1.971393236,2.404056269,2.921034082,3.410837196,3.750333125,3.828024373,3.559083255,2.885870222,1.78089195,0.246665142,-1.688923375,-3.974245967,-6.536830105,-9.281431571,-12.09241007,-14.84620854,-17.42870138,-19.75431597,-21.78296561,-23.51464199,-24.97397674,-26.20044925,-27.23667641,-28.1221998,-28.89184132,-29.57401145,-30.18887295,-30.74617587,-31.24705546,-31.68865977,-32.06890869,-32.39239081,-32.6755075,-32.94294439,-33.22122298,-33.53221295,-33.88180583,-34.25093877,-34.59481138,-34.84942573,-34.94240033,-34.8094623,-34.41352361,-33.74815384,-32.83466148,-31.71904403,-30.46715031,-29.14833793,-27.82052406,-26.52573635,-25.287644,-24.11138468,-22.99294958,-21.92927977,-20.91839532,-19.96005015,-19.06328811,-18.2473033,-17.5366952,-16.95547069,-16.52025484,-16.23101279,-16.06492042,-15.98256999,-15.93774791,-15.8831931,-15.77627358,-15.5787118,-15.25026674,-14.74837949,-14.04200032,-13.12642883,-12.02844349,-10.8048353,-9.535948625,-8.309396614,-7.201545794,-6.266586296,-5.53171613,-4.993912847,-4.624249846,-4.371131981,-4.161861376,-3.906258633,-3.517180561,-2.944316664,-2.188023856,-1.291899893,-0.32557644,0,0,0,0,0,0,0,0,0,0,0,0,0,0,0,0,0,0,0,0,0,0,0,0,0,0,0,